# it, nbPoule, nbRenard, nbVipere
0,12,8,5
1,12,8,5
2,12,8,5
3,12,8,5
4,12,8,5
5,12,8,5
6,12,8,5
7,12,8,5
8,12,8,5
9,12,8,5
10,12,8,5
11,12,8,5
12,12,8,5
13,12,8,5
14,12,8,5
15,12,8,5
16,12,8,5
17,12,8,5
18,12,8,5
19,12,8,5
20,12,8,5
21,12,8,5
22,12,8,5
23,12,8,5
24,12,8,5
25,12,8,5
26,12,8,5
27,12,8,5
28,12,8,5
29,12,8,5
30,12,8,5
31,12,8,5
32,12,8,5
33,12,8,5
34,12,8,5
35,12,8,5
36,12,8,5
37,12,8,5
38,12,8,5
39,12,8,5
40,12,8,5
41,12,8,5
42,12,8,5
43,12,8,5
44,12,8,5
45,12,8,5
46,12,8,5
47,12,8,5
48,12,8,5
49,12,8,5
50,12,8,5
51,12,8,5
52,12,8,5
53,12,8,5
54,12,8,5
55,12,8,5
56,12,8,5
57,12,8,5
58,12,8,5
59,12,8,5
60,12,8,5
61,12,8,5
62,12,8,5
63,12,8,5
64,12,8,5
65,12,8,5
66,12,8,5
67,12,8,5
68,12,8,5
69,12,8,5
70,12,8,5
71,12,8,5
72,12,8,5
73,12,8,5
74,12,8,5
75,12,8,5
76,12,8,5
77,12,8,5
78,12,8,5
79,12,8,5
80,12,8,5
81,12,8,5
82,12,8,5
83,12,8,5
84,12,8,5
85,12,8,5
86,12,8,5
87,12,8,5
88,12,8,5
89,12,8,5
90,12,8,5
91,12,8,5
92,12,8,5
93,12,8,5
94,12,8,5
95,12,8,5
96,12,8,5
97,12,8,5
98,12,8,5
99,12,8,5
100,12,8,5
101,12,8,5
102,12,8,5
103,12,8,5
104,12,8,5
105,12,8,5
106,12,8,5
107,12,8,5
108,12,8,5
109,12,8,5
110,12,8,5
111,12,8,5
112,12,8,5
113,12,8,5
114,12,8,6
115,12,8,6
116,12,8,6
117,12,8,6
118,12,8,6
119,12,8,6
120,12,8,6
121,12,8,6
122,12,8,6
123,12,8,6
124,12,8,6
125,12,8,6
126,12,9,5
127,12,9,5
128,12,9,5
129,12,9,5
130,12,9,5
131,12,9,5
132,12,8,4
133,12,8,4
134,12,8,4
135,12,8,4
136,12,8,4
137,12,8,4
138,12,8,4
139,12,8,4
140,12,8,4
141,12,8,4
142,12,8,4
143,12,8,4
144,13,8,3
145,13,8,3
146,13,8,3
147,13,8,3
148,13,8,3
149,13,8,3
150,13,8,3
151,13,8,3
152,13,8,3
153,13,8,3
154,13,8,3
155,13,8,3
156,13,8,3
157,13,8,3
158,13,8,3
159,13,8,3
160,13,8,3
161,13,8,3
162,13,8,3
163,13,8,3
164,13,8,3
165,13,8,3
166,13,8,3
167,13,8,3
168,14,8,3
169,14,8,3
170,14,8,3
171,14,8,3
172,14,8,3
173,14,8,3
174,14,8,3
175,14,8,3
176,14,8,3
177,14,8,3
178,14,8,3
179,14,8,3
180,14,9,3
181,14,9,3
182,14,9,3
183,14,9,3
184,14,9,3
185,14,9,3
186,14,9,3
187,14,9,3
188,14,9,3
189,14,9,3
190,14,9,3
191,14,9,3
192,15,9,3
193,15,9,3
194,15,9,3
195,15,9,3
196,15,9,3
197,15,9,3
198,15,9,3
199,15,9,3
200,15,9,3
201,15,9,3
202,15,9,3
203,15,9,3
204,15,9,3
205,15,9,3
206,15,9,3
207,15,9,3
208,15,9,3
209,15,9,3
210,15,9,3
211,15,9,3
212,15,9,3
213,15,9,3
214,15,9,3
215,15,9,3
216,15,9,3
217,15,9,3
218,15,9,3
219,15,9,3
220,15,9,3
221,15,9,3
222,15,9,3
223,15,9,3
224,15,9,3
225,15,9,3
226,15,9,3
227,15,9,3
228,15,9,3
229,15,9,3
230,15,9,3
231,15,9,3
232,15,9,3
233,15,9,3
234,15,9,3
235,15,9,3
236,15,9,3
237,15,9,3
238,15,9,3
239,15,9,3
240,16,9,3
241,16,9,3
242,16,9,3
243,16,9,3
244,16,9,3
245,16,9,3
246,16,9,3
247,16,9,3
248,16,9,3
249,16,9,3
250,16,9,3
251,16,9,3
252,15,9,3
253,15,9,3
254,15,9,3
255,15,9,3
256,15,9,3
257,15,9,3
258,15,9,3
259,15,9,3
260,15,9,3
261,15,9,3
262,15,9,3
263,15,9,3
264,15,9,3
265,15,9,3
266,15,9,3
267,15,9,3
268,15,9,3
269,15,9,3
270,15,10,3
271,15,10,3
272,15,10,3
273,15,10,3
274,15,10,3
275,15,10,3
276,16,10,3
277,16,10,3
278,16,10,3
279,16,10,3
280,16,10,3
281,16,10,3
282,16,10,3
283,16,10,3
284,16,10,3
285,16,10,3
286,16,10,3
287,16,10,3
288,16,10,3
289,16,10,3
290,16,10,3
291,16,10,3
292,16,10,3
293,16,10,3
294,16,10,3
295,16,10,3
296,16,10,3
297,16,10,3
298,16,10,3
299,16,10,3
300,17,10,2
301,17,10,2
302,17,10,2
303,17,10,2
304,17,10,2
305,17,10,2
306,17,10,2
307,17,10,2
308,17,10,2
309,17,10,2
310,17,10,2
311,17,10,2
312,17,10,2
313,17,10,2
314,17,10,2
315,17,10,2
316,17,10,2
317,17,10,2
318,17,10,2
319,17,10,2
320,17,10,2
321,17,10,2
322,17,10,2
323,17,10,2
324,17,11,2
325,17,11,2
326,17,11,2
327,17,11,2
328,17,11,2
329,17,11,2
330,17,11,2
331,17,11,2
332,17,11,2
333,17,11,2
334,17,11,2
335,17,11,2
336,17,11,2
337,17,11,2
338,17,11,2
339,17,11,2
340,17,11,2
341,17,11,2
342,18,11,2
343,18,11,2
344,18,11,2
345,18,11,2
346,18,11,2
347,18,11,2
348,18,11,2
349,18,11,2
350,18,11,2
351,18,11,2
352,18,11,2
353,18,11,2
354,18,11,3
355,18,11,3
356,18,11,3
357,18,11,3
358,18,11,3
359,18,11,3
360,18,12,3
361,18,12,3
362,18,12,3
363,18,12,3
364,18,12,3
365,18,12,3
366,18,12,3
367,18,12,3
368,18,12,3
369,18,12,3
370,18,12,3
371,18,12,3
372,18,12,3
373,18,12,3
374,18,12,3
375,18,12,3
376,18,12,3
377,18,12,3
378,18,12,2
379,18,12,2
380,18,12,2
381,18,12,2
382,18,12,2
383,18,12,2
384,18,12,2
385,18,12,2
386,18,12,2
387,18,12,2
388,18,12,2
389,18,12,2
390,18,12,2
391,18,12,2
392,18,12,2
393,18,12,2
394,18,12,2
395,18,12,2
396,18,12,2
397,18,12,2
398,18,12,2
399,18,12,2
400,18,12,2
401,18,12,2
402,18,12,2
403,18,12,2
404,18,12,2
405,18,12,2
406,18,12,2
407,18,12,2
408,18,12,2
409,18,12,2
410,18,12,2
411,18,12,2
412,18,12,2
413,18,12,2
414,19,12,2
415,19,12,2
416,19,12,2
417,19,12,2
418,19,12,2
419,19,12,2
420,19,12,2
421,19,12,2
422,19,12,2
423,19,12,2
424,19,12,2
425,19,12,2
426,20,12,2
427,20,12,2
428,20,12,2
429,20,12,2
430,20,12,2
431,20,12,2
432,20,12,2
433,20,12,2
434,20,12,2
435,20,12,2
436,20,12,2
437,20,12,2
438,20,12,2
439,20,12,2
440,20,12,2
441,20,12,2
442,20,12,2
443,20,12,2
444,19,12,2
445,19,12,2
446,19,12,2
447,19,12,2
448,19,12,2
449,19,12,2
450,19,12,2
451,19,12,2
452,19,12,2
453,19,12,2
454,19,12,2
455,19,12,2
456,19,12,2
457,19,12,2
458,19,12,2
459,19,12,2
460,19,12,2
461,19,12,2
462,19,12,2
463,19,12,2
464,19,12,2
465,19,12,2
466,19,12,2
467,19,12,2
468,19,12,3
469,19,12,3
470,19,12,3
471,19,12,3
472,19,12,3
473,19,12,3
474,19,12,3
475,19,12,3
476,19,12,3
477,19,12,3
478,19,12,3
479,19,12,3
480,19,12,2
481,19,12,2
482,19,12,2
483,19,12,2
484,19,12,2
485,19,12,2
486,19,12,2
487,19,12,2
488,19,12,2
489,19,12,2
490,19,12,2
491,19,12,2
492,19,12,2
493,19,12,2
494,19,12,2
495,19,12,2
496,19,12,2
497,19,12,2
498,19,12,2
499,19,12,2
500,19,12,2
501,19,12,2
502,19,12,2
503,19,12,2
504,18,12,2
505,18,12,2
506,18,12,2
507,18,12,2
508,18,12,2
509,18,12,2
510,18,12,2
511,18,12,2
512,18,12,2
513,18,12,2
514,18,12,2
515,18,12,2
516,18,12,2
517,18,12,2
518,18,12,2
519,18,12,2
520,18,12,2
521,18,12,2
522,17,12,2
523,17,12,2
524,17,12,2
525,17,12,2
526,17,12,2
527,17,12,2
528,17,12,2
529,17,12,2
530,17,12,2
531,17,12,2
532,17,12,2
533,17,12,2
534,17,12,2
535,17,12,2
536,17,12,2
537,17,12,2
538,17,12,2
539,17,12,2
540,19,12,2
541,19,12,2
542,19,12,2
543,19,12,2
544,19,12,2
545,19,12,2
546,19,13,2
547,19,13,2
548,19,13,2
549,19,13,2
550,19,13,2
551,19,13,2
552,18,12,2
553,18,12,2
554,18,12,2
555,18,12,2
556,18,12,2
557,18,12,2
558,18,12,2
559,18,12,2
560,18,12,2
561,18,12,2
562,18,12,2
563,18,12,2
564,18,12,2
565,18,12,2
566,18,12,2
567,18,12,2
568,18,12,2
569,18,12,2
570,18,12,2
571,18,12,2
572,18,12,2
573,18,12,2
574,18,12,2
575,18,12,2
576,18,12,3
577,18,12,3
578,18,12,3
579,18,12,3
580,18,12,3
581,18,12,3
582,18,12,3
583,18,12,3
584,18,12,3
585,18,12,3
586,18,12,3
587,18,12,3
588,18,12,3
589,18,12,3
590,18,12,3
591,18,12,3
592,18,12,3
593,18,12,3
594,19,12,3
595,19,12,3
596,19,12,3
597,19,12,3
598,19,12,3
599,19,12,3
600,19,12,3
601,19,12,3
602,19,12,3
603,19,12,3
604,19,12,3
605,19,12,3
606,19,11,3
607,19,11,3
608,19,11,3
609,19,11,3
610,19,11,3
611,19,11,3
612,18,11,3
613,18,11,3
614,18,11,3
615,18,11,3
616,18,11,3
617,18,11,3
618,18,12,3
619,18,12,3
620,18,12,3
621,18,12,3
622,18,12,3
623,18,12,3
624,18,12,3
625,18,12,3
626,18,12,3
627,18,12,3
628,18,12,3
629,18,12,3
630,18,11,3
631,18,11,3
632,18,11,3
633,18,11,3
634,18,11,3
635,18,11,3
636,18,11,4
637,18,11,4
638,18,11,4
639,18,11,4
640,18,11,4
641,18,11,4
642,18,11,4
643,18,11,4
644,18,11,4
645,18,11,4
646,18,11,4
647,18,11,4
648,17,11,4
649,17,11,4
650,17,11,4
651,17,11,4
652,17,11,4
653,17,11,4
654,17,11,4
655,17,11,4
656,17,11,4
657,17,11,4
658,17,11,4
659,17,11,4
660,16,11,4
661,16,11,4
662,16,11,4
663,16,11,4
664,16,11,4
665,16,11,4
666,16,11,4
667,16,11,4
668,16,11,4
669,16,11,4
670,16,11,4
671,16,11,4
672,16,11,4
673,16,11,4
674,16,11,4
675,16,11,4
676,16,11,4
677,16,11,4
678,15,11,4
679,15,11,4
680,15,11,4
681,15,11,4
682,15,11,4
683,15,11,4
684,16,11,4
685,16,11,4
686,16,11,4
687,16,11,4
688,16,11,4
689,16,11,4
690,17,11,4
691,17,11,4
692,17,11,4
693,17,11,4
694,17,11,4
695,17,11,4
696,17,11,5
697,17,11,5
698,17,11,5
699,17,11,5
700,17,11,5
701,17,11,5
702,19,11,5
703,19,11,5
704,19,11,5
705,19,11,5
706,19,11,5
707,19,11,5
708,19,8,5
709,19,8,5
710,19,8,5
711,19,8,5
712,19,8,5
713,19,8,5
714,19,8,5
715,19,8,5
716,19,8,5
717,19,8,5
718,19,8,5
719,19,8,5
720,19,8,4
721,19,8,4
722,19,8,4
723,19,8,4
724,19,8,4
725,19,8,4
726,20,8,4
727,20,8,4
728,20,8,4
729,20,8,4
730,20,8,4
731,20,8,4
732,19,9,5
733,19,9,5
734,19,9,5
735,19,9,5
736,19,9,5
737,19,9,5
738,19,8,4
739,19,8,4
740,19,8,4
741,19,8,4
742,19,8,4
743,19,8,4
744,19,8,5
745,19,8,5
746,19,8,5
747,19,8,5
748,19,8,5
749,19,8,5
750,19,8,5
751,19,8,5
752,19,8,5
753,19,8,5
754,19,8,5
755,19,8,5
756,18,8,5
757,18,8,5
758,18,8,5
759,18,8,5
760,18,8,5
761,18,8,5
762,18,8,5
763,18,8,5
764,18,8,5
765,18,8,5
766,18,8,5
767,18,8,5
768,19,8,5
769,19,8,5
770,19,8,5
771,19,8,5
772,19,8,5
773,19,8,5
774,19,8,5
775,19,8,5
776,19,8,5
777,19,8,5
778,19,8,5
779,19,8,5
780,19,8,6
781,19,8,6
782,19,8,6
783,19,8,6
784,19,8,6
785,19,8,6
786,19,8,6
787,19,8,6
788,19,8,6
789,19,8,6
790,19,8,6
791,19,8,6
792,19,8,6
793,19,8,6
794,19,8,6
795,19,8,6
796,19,8,6
797,19,8,6
798,19,8,6
799,19,8,6
800,19,8,6
801,19,8,6
802,19,8,6
803,19,8,6
804,19,8,6
805,19,8,6
806,19,8,6
807,19,8,6
808,19,8,6
809,19,8,6
810,19,8,6
811,19,8,6
812,19,8,6
813,19,8,6
814,19,8,6
815,19,8,6
816,19,8,6
817,19,8,6
818,19,8,6
819,19,8,6
820,19,8,6
821,19,8,6
822,20,8,6
823,20,8,6
824,20,8,6
825,20,8,6
826,20,8,6
827,20,8,6
828,20,8,6
829,20,8,6
830,20,8,6
831,20,8,6
832,20,8,6
833,20,8,6
834,19,8,6
835,19,8,6
836,19,8,6
837,19,8,6
838,19,8,6
839,19,8,6
840,19,8,6
841,19,8,6
842,19,8,6
843,19,8,6
844,19,8,6
845,19,8,6
846,19,8,7
847,19,8,7
848,19,8,7
849,19,8,7
850,19,8,7
851,19,8,7
852,19,9,7
853,19,9,7
854,19,9,7
855,19,9,7
856,19,9,7
857,19,9,7
858,20,9,7
859,20,9,7
860,20,9,7
861,20,9,7
862,20,9,7
863,20,9,7
864,20,8,7
865,20,8,7
866,20,8,7
867,20,8,7
868,20,8,7
869,20,8,7
870,20,8,7
871,20,8,7
872,20,8,7
873,20,8,7
874,20,8,7
875,20,8,7
876,20,8,7
877,20,8,7
878,20,8,7
879,20,8,7
880,20,8,7
881,20,8,7
882,20,8,7
883,20,8,7
884,20,8,7
885,20,8,7
886,20,8,7
887,20,8,7
888,20,8,7
889,20,8,7
890,20,8,7
891,20,8,7
892,20,8,7
893,20,8,7
894,20,8,7
895,20,8,7
896,20,8,7
897,20,8,7
898,20,8,7
899,20,8,7
900,20,8,7
901,20,8,7
902,20,8,7
903,20,8,7
904,20,8,7
905,20,8,7
906,20,8,7
907,20,8,7
908,20,8,7
909,20,8,7
910,20,8,7
911,20,8,7
912,20,8,7
913,20,8,7
914,20,8,7
915,20,8,7
916,20,8,7
917,20,8,7
918,20,7,7
919,20,7,7
920,20,7,7
921,20,7,7
922,20,7,7
923,20,7,7
924,20,7,7
925,20,7,7
926,20,7,7
927,20,7,7
928,20,7,7
929,20,7,7
930,20,7,7
931,20,7,7
932,20,7,7
933,20,7,7
934,20,7,7
935,20,7,7
936,20,7,7
937,20,7,7
938,20,7,7
939,20,7,7
940,20,7,7
941,20,7,7
942,20,7,7
943,20,7,7
944,20,7,7
945,20,7,7
946,20,7,7
947,20,7,7
948,20,7,7
949,20,7,7
950,20,7,7
951,20,7,7
952,20,7,7
953,20,7,7
954,20,7,7
955,20,7,7
956,20,7,7
957,20,7,7
958,20,7,7
959,20,7,7
960,20,7,7
961,20,7,7
962,20,7,7
963,20,7,7
964,20,7,7
965,20,7,7
966,20,7,7
967,20,7,7
968,20,7,7
969,20,7,7
970,20,7,7
971,20,7,7
972,20,7,7
973,20,7,7
974,20,7,7
975,20,7,7
976,20,7,7
977,20,7,7
978,20,7,7
979,20,7,7
980,20,7,7
981,20,7,7
982,20,7,7
983,20,7,7
984,20,7,7
985,20,7,7
986,20,7,7
987,20,7,7
988,20,7,7
989,20,7,7
990,20,7,7
991,20,7,7
992,20,7,7
993,20,7,7
994,20,7,7
995,20,7,7
996,20,7,7
997,20,7,7
998,20,7,7
999,20,7,7
1000,20,7,7
1001,20,7,7
1002,20,7,7
1003,20,7,7
1004,20,7,7
1005,20,7,7
1006,20,7,7
1007,20,7,7
1008,20,7,7
1009,20,7,7
1010,20,7,7
1011,20,7,7
1012,20,7,7
1013,20,7,7
1014,20,7,7
1015,20,7,7
1016,20,7,7
1017,20,7,7
1018,20,7,7
1019,20,7,7
1020,20,7,7
1021,20,7,7
1022,20,7,7
1023,20,7,7
1024,20,7,7
1025,20,7,7
1026,20,7,7
1027,20,7,7
1028,20,7,7
1029,20,7,7
1030,20,7,7
1031,20,7,7
1032,20,7,7
1033,20,7,7
1034,20,7,7
1035,20,7,7
1036,20,7,7
1037,20,7,7
1038,21,7,7
1039,21,7,7
1040,21,7,7
1041,21,7,7
1042,21,7,7
1043,21,7,7
1044,20,7,7
1045,20,7,7
1046,20,7,7
1047,20,7,7
1048,20,7,7
1049,20,7,7
1050,20,7,7
1051,20,7,7
1052,20,7,7
1053,20,7,7
1054,20,7,7
1055,20,7,7
1056,21,7,7
1057,21,7,7
1058,21,7,7
1059,21,7,7
1060,21,7,7
1061,21,7,7
1062,21,7,7
1063,21,7,7
1064,21,7,7
1065,21,7,7
1066,21,7,7
1067,21,7,7
1068,22,7,7
1069,22,7,7
1070,22,7,7
1071,22,7,7
1072,22,7,7
1073,22,7,7
1074,22,7,7
1075,22,7,7
1076,22,7,7
1077,22,7,7
1078,22,7,7
1079,22,7,7
1080,22,7,7
1081,22,7,7
1082,22,7,7
1083,22,7,7
1084,22,7,7
1085,22,7,7
1086,21,7,7
1087,21,7,7
1088,21,7,7
1089,21,7,7
1090,21,7,7
1091,21,7,7
1092,21,7,7
1093,21,7,7
1094,21,7,7
1095,21,7,7
1096,21,7,7
1097,21,7,7
1098,21,7,6
1099,21,7,6
1100,21,7,6
1101,21,7,6
1102,21,7,6
1103,21,7,6
1104,20,7,6
1105,20,7,6
1106,20,7,6
1107,20,7,6
1108,20,7,6
1109,20,7,6
1110,20,7,6
1111,20,7,6
1112,20,7,6
1113,20,7,6
1114,20,7,6
1115,20,7,6
1116,20,7,6
1117,20,7,6
1118,20,7,6
1119,20,7,6
1120,20,7,6
1121,20,7,6
1122,20,7,6
1123,20,7,6
1124,20,7,6
1125,20,7,6
1126,20,7,6
1127,20,7,6
1128,20,7,6
1129,20,7,6
1130,20,7,6
1131,20,7,6
1132,20,7,6
1133,20,7,6
1134,20,7,6
1135,20,7,6
1136,20,7,6
1137,20,7,6
1138,20,7,6
1139,20,7,6
1140,20,7,6
1141,20,7,6
1142,20,7,6
1143,20,7,6
1144,20,7,6
1145,20,7,6
1146,20,7,6
1147,20,7,6
1148,20,7,6
1149,20,7,6
1150,20,7,6
1151,20,7,6
1152,21,7,6
1153,21,7,6
1154,21,7,6
1155,21,7,6
1156,21,7,6
1157,21,7,6
1158,21,7,6
1159,21,7,6
1160,21,7,6
1161,21,7,6
1162,21,7,6
1163,21,7,6
1164,22,7,6
1165,22,7,6
1166,22,7,6
1167,22,7,6
1168,22,7,6
1169,22,7,6
1170,22,7,6
1171,22,7,6
1172,22,7,6
1173,22,7,6
1174,22,7,6
1175,22,7,6
1176,22,7,6
1177,22,7,6
1178,22,7,6
1179,22,7,6
1180,22,7,6
1181,22,7,6
1182,23,7,5
1183,23,7,5
1184,23,7,5
1185,23,7,5
1186,23,7,5
1187,23,7,5
1188,24,7,5
1189,24,7,5
1190,24,7,5
1191,24,7,5
1192,24,7,5
1193,24,7,5
1194,24,7,5
1195,24,7,5
1196,24,7,5
1197,24,7,5
1198,24,7,5
1199,24,7,5
1200,24,7,5
1201,24,7,5
1202,24,7,5
1203,24,7,5
1204,24,7,5
1205,24,7,5
1206,23,7,5
1207,23,7,5
1208,23,7,5
1209,23,7,5
1210,23,7,5
1211,23,7,5
1212,23,7,4
1213,23,7,4
1214,23,7,4
1215,23,7,4
1216,23,7,4
1217,23,7,4
1218,23,7,4
1219,23,7,4
1220,23,7,4
1221,23,7,4
1222,23,7,4
1223,23,7,4
1224,23,7,4
1225,23,7,4
1226,23,7,4
1227,23,7,4
1228,23,7,4
1229,23,7,4
1230,23,7,4
1231,23,7,4
1232,23,7,4
1233,23,7,4
1234,23,7,4
1235,23,7,4
1236,25,7,4
1237,25,7,4
1238,25,7,4
1239,25,7,4
1240,25,7,4
1241,25,7,4
1242,25,7,4
1243,25,7,4
1244,25,7,4
1245,25,7,4
1246,25,7,4
1247,25,7,4
1248,25,7,4
1249,25,7,4
1250,25,7,4
1251,25,7,4
1252,25,7,4
1253,25,7,4
1254,26,7,4
1255,26,7,4
1256,26,7,4
1257,26,7,4
1258,26,7,4
1259,26,7,4
1260,26,6,4
1261,26,6,4
1262,26,6,4
1263,26,6,4
1264,26,6,4
1265,26,6,4
1266,25,6,4
1267,25,6,4
1268,25,6,4
1269,25,6,4
1270,25,6,4
1271,25,6,4
1272,24,6,4
1273,24,6,4
1274,24,6,4
1275,24,6,4
1276,24,6,4
1277,24,6,4
1278,24,6,4
1279,24,6,4
1280,24,6,4
1281,24,6,4
1282,24,6,4
1283,24,6,4
1284,24,6,4
1285,24,6,4
1286,24,6,4
1287,24,6,4
1288,24,6,4
1289,24,6,4
1290,24,6,4
1291,24,6,4
1292,24,6,4
1293,24,6,4
1294,24,6,4
1295,24,6,4
1296,26,6,4
1297,26,6,4
1298,26,6,4
1299,26,6,4
1300,26,6,4
1301,26,6,4
1302,26,6,4
1303,26,6,4
1304,26,6,4
1305,26,6,4
1306,26,6,4
1307,26,6,4
1308,26,6,4
1309,26,6,4
1310,26,6,4
1311,26,6,4
1312,26,6,4
1313,26,6,4
1314,26,6,4
1315,26,6,4
1316,26,6,4
1317,26,6,4
1318,26,6,4
1319,26,6,4
1320,28,6,4
1321,28,6,4
1322,28,6,4
1323,28,6,4
1324,28,6,4
1325,28,6,4
1326,29,6,4
1327,29,6,4
1328,29,6,4
1329,29,6,4
1330,29,6,4
1331,29,6,4
1332,29,6,4
1333,29,6,4
1334,29,6,4
1335,29,6,4
1336,29,6,4
1337,29,6,4
1338,29,6,4
1339,29,6,4
1340,29,6,4
1341,29,6,4
1342,29,6,4
1343,29,6,4
1344,29,6,4
1345,29,6,4
1346,29,6,4
1347,29,6,4
1348,29,6,4
1349,29,6,4
1350,29,6,4
1351,29,6,4
1352,29,6,4
1353,29,6,4
1354,29,6,4
1355,29,6,4
1356,28,6,4
1357,28,6,4
1358,28,6,4
1359,28,6,4
1360,28,6,4
1361,28,6,4
1362,29,6,3
1363,29,6,3
1364,29,6,3
1365,29,6,3
1366,29,6,3
1367,29,6,3
1368,29,6,3
1369,29,6,3
1370,29,6,3
1371,29,6,3
1372,29,6,3
1373,29,6,3
1374,29,6,3
1375,29,6,3
1376,29,6,3
1377,29,6,3
1378,29,6,3
1379,29,6,3
1380,29,6,3
1381,29,6,3
1382,29,6,3
1383,29,6,3
1384,29,6,3
1385,29,6,3
1386,29,6,3
1387,29,6,3
1388,29,6,3
1389,29,6,3
1390,29,6,3
1391,29,6,3
1392,28,5,3
1393,28,5,3
1394,28,5,3
1395,28,5,3
1396,28,5,3
1397,28,5,3
1398,28,5,3
1399,28,5,3
1400,28,5,3
1401,28,5,3
1402,28,5,3
1403,28,5,3
1404,29,6,4
1405,29,6,4
1406,29,6,4
1407,29,6,4
1408,29,6,4
1409,29,6,4
1410,30,6,5
1411,30,6,5
1412,30,6,5
1413,30,6,5
1414,30,6,5
1415,30,6,5
1416,30,6,5
1417,30,6,5
1418,30,6,5
1419,30,6,5
1420,30,6,5
1421,30,6,5
1422,31,6,5
1423,31,6,5
1424,31,6,5
1425,31,6,5
1426,31,6,5
1427,31,6,5
1428,31,6,6
1429,31,6,6
1430,31,6,6
1431,31,6,6
1432,31,6,6
1433,31,6,6
1434,30,6,6
1435,30,6,6
1436,30,6,6
1437,30,6,6
1438,30,6,6
1439,30,6,6
1440,30,6,6
1441,30,6,6
1442,30,6,6
1443,30,6,6
1444,30,6,6
1445,30,6,6
1446,30,6,7
1447,30,6,7
1448,30,6,7
1449,30,6,7
1450,30,6,7
1451,30,6,7
1452,30,5,8
1453,30,5,8
1454,30,5,8
1455,30,5,8
1456,30,5,8
1457,30,5,8
1458,30,5,8
1459,30,5,8
1460,30,5,8
1461,30,5,8
1462,30,5,8
1463,30,5,8
1464,30,5,7
1465,30,5,7
1466,30,5,7
1467,30,5,7
1468,30,5,7
1469,30,5,7
1470,29,5,7
1471,29,5,7
1472,29,5,7
1473,29,5,7
1474,29,5,7
1475,29,5,7
1476,30,6,7
1477,30,6,7
1478,30,6,7
1479,30,6,7
1480,30,6,7
1481,30,6,7
1482,30,6,8
1483,30,6,8
1484,30,6,8
1485,30,6,8
1486,30,6,8
1487,30,6,8
1488,30,6,8
1489,30,6,8
1490,30,6,8
1491,30,6,8
1492,30,6,8
1493,30,6,8
1494,32,6,8
1495,32,6,8
1496,32,6,8
1497,32,6,8
1498,32,6,8
1499,32,6,8
1500,32,6,8
1501,32,6,8
1502,32,6,8
1503,32,6,8
1504,32,6,8
1505,32,6,8
1506,30,5,9
1507,30,5,9
1508,30,5,9
1509,30,5,9
1510,30,5,9
1511,30,5,9
1512,31,5,9
1513,31,5,9
1514,31,5,9
1515,31,5,9
1516,31,5,9
1517,31,5,9
1518,32,5,9
1519,32,5,9
1520,32,5,9
1521,32,5,9
1522,32,5,9
1523,32,5,9
1524,32,6,9
1525,32,6,9
1526,32,6,9
1527,32,6,9
1528,32,6,9
1529,32,6,9
1530,33,6,9
1531,33,6,9
1532,33,6,9
1533,33,6,9
1534,33,6,9
1535,33,6,9
1536,33,6,9
1537,33,6,9
1538,33,6,9
1539,33,6,9
1540,33,6,9
1541,33,6,9
1542,35,7,9
1543,35,7,9
1544,35,7,9
1545,35,7,9
1546,35,7,9
1547,35,7,9
1548,36,7,9
1549,36,7,9
1550,36,7,9
1551,36,7,9
1552,36,7,9
1553,36,7,9
1554,36,7,8
1555,36,7,8
1556,36,7,8
1557,36,7,8
1558,36,7,8
1559,36,7,8
1560,36,7,8
1561,36,7,8
1562,36,7,8
1563,36,7,8
1564,36,7,8
1565,36,7,8
1566,35,7,8
1567,35,7,8
1568,35,7,8
1569,35,7,8
1570,35,7,8
1571,35,7,8
1572,36,7,9
1573,36,7,9
1574,36,7,9
1575,36,7,9
1576,36,7,9
1577,36,7,9
1578,35,7,9
1579,35,7,9
1580,35,7,9
1581,35,7,9
1582,35,7,9
1583,35,7,9
1584,38,7,9
1585,38,7,9
1586,38,7,9
1587,38,7,9
1588,38,7,9
1589,38,7,9
1590,37,7,8
1591,37,7,8
1592,37,7,8
1593,37,7,8
1594,37,7,8
1595,37,7,8
1596,35,7,8
1597,35,7,8
1598,35,7,8
1599,35,7,8
1600,35,7,8
1601,35,7,8
1602,37,7,8
1603,37,7,8
1604,37,7,8
1605,37,7,8
1606,37,7,8
1607,37,7,8
1608,38,7,6
1609,38,7,6
1610,38,7,6
1611,38,7,6
1612,38,7,6
1613,38,7,6
1614,38,7,6
1615,38,7,6
1616,38,7,6
1617,38,7,6
1618,38,7,6
1619,38,7,6
1620,38,7,6
1621,38,7,6
1622,38,7,6
1623,38,7,6
1624,38,7,6
1625,38,7,6
1626,39,7,6
1627,39,7,6
1628,39,7,6
1629,39,7,6
1630,39,7,6
1631,39,7,6
1632,40,7,6
1633,40,7,6
1634,40,7,6
1635,40,7,6
1636,40,7,6
1637,40,7,6
1638,40,7,6
1639,40,7,6
1640,40,7,6
1641,40,7,6
1642,40,7,6
1643,40,7,6
1644,41,7,6
1645,41,7,6
1646,41,7,6
1647,41,7,6
1648,41,7,6
1649,41,7,6
1650,42,6,6
1651,42,6,6
1652,42,6,6
1653,42,6,6
1654,42,6,6
1655,42,6,6
1656,42,6,7
1657,42,6,7
1658,42,6,7
1659,42,6,7
1660,42,6,7
1661,42,6,7
1662,43,6,8
1663,43,6,8
1664,43,6,8
1665,43,6,8
1666,43,6,8
1667,43,6,8
1668,42,6,8
1669,42,6,8
1670,42,6,8
1671,42,6,8
1672,42,6,8
1673,42,6,8
1674,44,6,8
1675,44,6,8
1676,44,6,8
1677,44,6,8
1678,44,6,8
1679,44,6,8
1680,44,6,8
1681,44,6,8
1682,44,6,8
1683,44,6,8
1684,44,6,8
1685,44,6,8
1686,44,7,8
1687,44,7,8
1688,44,7,8
1689,44,7,8
1690,44,7,8
1691,44,7,8
1692,45,7,8
1693,45,7,8
1694,45,7,8
1695,45,7,8
1696,45,7,8
1697,45,7,8
1698,45,7,8
1699,45,7,8
1700,45,7,8
1701,45,7,8
1702,45,7,8
1703,45,7,8
1704,46,6,9
1705,46,6,9
1706,46,6,9
1707,46,6,9
1708,46,6,9
1709,46,6,9
1710,46,6,9
1711,46,6,9
1712,46,6,9
1713,46,6,9
1714,46,6,9
1715,46,6,9
1716,45,6,9
1717,45,6,9
1718,45,6,9
1719,45,6,9
1720,45,6,9
1721,45,6,9
1722,42,6,10
1723,42,6,10
1724,42,6,10
1725,42,6,10
1726,42,6,10
1727,42,6,10
1728,43,6,10
1729,43,6,10
1730,43,6,10
1731,43,6,10
1732,43,6,10
1733,43,6,10
1734,43,6,10
1735,43,6,10
1736,43,6,10
1737,43,6,10
1738,43,6,10
1739,43,6,10
1740,43,7,10
1741,43,7,10
1742,43,7,10
1743,43,7,10
1744,43,7,10
1745,43,7,10
1746,43,7,10
1747,43,7,10
1748,43,7,10
1749,43,7,10
1750,43,7,10
1751,43,7,10
1752,42,7,10
1753,42,7,10
1754,42,7,10
1755,42,7,10
1756,42,7,10
1757,42,7,10
1758,43,7,10
1759,43,7,10
1760,43,7,10
1761,43,7,10
1762,43,7,10
1763,43,7,10
1764,42,7,11
1765,42,7,11
1766,42,7,11
1767,42,7,11
1768,42,7,11
1769,42,7,11
1770,44,7,11
1771,44,7,11
1772,44,7,11
1773,44,7,11
1774,44,7,11
1775,44,7,11
1776,45,7,11
1777,45,7,11
1778,45,7,11
1779,45,7,11
1780,45,7,11
1781,45,7,11
1782,45,8,12
1783,45,8,12
1784,45,8,12
1785,45,8,12
1786,45,8,12
1787,45,8,12
1788,45,8,12
1789,45,8,12
1790,45,8,12
1791,45,8,12
1792,45,8,12
1793,45,8,12
1794,45,8,11
1795,45,8,11
1796,45,8,11
1797,45,8,11
1798,45,8,11
1799,45,8,11
1800,47,8,11
1801,47,8,11
1802,47,8,11
1803,47,8,11
1804,47,8,11
1805,47,8,11
1806,48,8,12
1807,48,8,12
1808,48,8,12
1809,48,8,12
1810,48,8,12
1811,48,8,12
1812,49,7,12
1813,49,7,12
1814,49,7,12
1815,49,7,12
1816,49,7,12
1817,49,7,12
1818,49,7,12
1819,49,7,12
1820,49,7,12
1821,49,7,12
1822,49,7,12
1823,49,7,12
1824,48,7,12
1825,48,7,12
1826,48,7,12
1827,48,7,12
1828,48,7,12
1829,48,7,12
1830,50,7,11
1831,50,7,11
1832,50,7,11
1833,50,7,11
1834,50,7,11
1835,50,7,11
1836,50,9,11
1837,50,9,11
1838,50,9,11
1839,50,9,11
1840,50,9,11
1841,50,9,11
1842,51,9,9
1843,51,9,9
1844,51,9,9
1845,51,9,9
1846,51,9,9
1847,51,9,9
1848,51,9,9
1849,51,9,9
1850,51,9,9
1851,51,9,9
1852,51,9,9
1853,51,9,9
1854,50,9,10
1855,50,9,10
1856,50,9,10
1857,50,9,10
1858,50,9,10
1859,50,9,10
1860,50,10,9
1861,50,10,9
1862,50,10,9
1863,50,10,9
1864,50,10,9
1865,50,10,9
1866,51,10,9
1867,51,10,9
1868,51,10,9
1869,51,10,9
1870,51,10,9
1871,51,10,9
1872,50,10,8
1873,50,10,8
1874,50,10,8
1875,50,10,8
1876,50,10,8
1877,50,10,8
1878,50,10,8
1879,50,10,8
1880,50,10,8
1881,50,10,8
1882,50,10,8
1883,50,10,8
1884,49,10,9
1885,49,10,9
1886,49,10,9
1887,49,10,9
1888,49,10,9
1889,49,10,9
1890,49,10,10
1891,49,10,10
1892,49,10,10
1893,49,10,10
1894,49,10,10
1895,49,10,10
1896,48,10,11
1897,48,10,11
1898,48,10,11
1899,48,10,11
1900,48,10,11
1901,48,10,11
1902,50,10,10
1903,50,10,10
1904,50,10,10
1905,50,10,10
1906,50,10,10
1907,50,10,10
1908,49,10,10
1909,49,10,10
1910,49,10,10
1911,49,10,10
1912,49,10,10
1913,49,10,10
1914,51,9,10
1915,51,9,10
1916,51,9,10
1917,51,9,10
1918,51,9,10
1919,51,9,10
1920,52,9,10
1921,52,9,10
1922,52,9,10
1923,52,9,10
1924,52,9,10
1925,52,9,10
1926,51,8,10
1927,51,8,10
1928,51,8,10
1929,51,8,10
1930,51,8,10
1931,51,8,10
1932,53,8,10
1933,53,8,10
1934,53,8,10
1935,53,8,10
1936,53,8,10
1937,53,8,10
1938,53,8,9
1939,53,8,9
1940,53,8,9
1941,53,8,9
1942,53,8,9
1943,53,8,9
1944,54,8,8
1945,54,8,8
1946,54,8,8
1947,54,8,8
1948,54,8,8
1949,54,8,8
1950,53,8,9
1951,53,8,9
1952,53,8,9
1953,53,8,9
1954,53,8,9
1955,53,8,9
1956,51,8,11
1957,51,8,11
1958,51,8,11
1959,51,8,11
1960,51,8,11
1961,51,8,11
1962,50,8,11
1963,50,8,11
1964,50,8,11
1965,50,8,11
1966,50,8,11
1967,50,8,11
1968,49,9,12
1969,49,9,12
1970,49,9,12
1971,49,9,12
1972,49,9,12
1973,49,9,12
1974,48,9,12
1975,48,9,12
1976,48,9,12
1977,48,9,12
1978,48,9,12
1979,48,9,12
1980,48,6,13
1981,48,6,13
1982,48,6,13
1983,48,6,13
1984,48,6,13
1985,48,6,13
1986,49,6,13
1987,49,6,13
1988,49,6,13
1989,49,6,13
1990,49,6,13
1991,49,6,13
1992,50,8,12
1993,50,8,12
1994,50,8,12
1995,50,8,12
1996,50,8,12
1997,50,8,12
1998,49,7,12
1999,49,7,12
2000,49,7,12
2001,49,7,12
2002,49,7,12
2003,49,7,12
2004,49,7,12
2005,49,7,12
2006,49,7,12
2007,49,7,12
2008,49,7,12
2009,49,7,12
2010,49,7,11
2011,49,7,11
2012,49,7,11
2013,49,7,11
2014,49,7,11
2015,49,7,11
2016,52,7,11
2017,52,7,11
2018,52,7,11
2019,52,7,11
2020,52,7,11
2021,52,7,11
2022,52,8,11
2023,52,8,11
2024,52,8,11
2025,52,8,11
2026,52,8,11
2027,52,8,11
2028,51,8,10
2029,51,8,10
2030,51,8,10
2031,51,8,10
2032,51,8,10
2033,51,8,10
2034,51,8,10
2035,51,8,10
2036,51,8,10
2037,51,8,10
2038,51,8,10
2039,51,8,10
2040,52,8,11
2041,52,8,11
2042,52,8,11
2043,52,8,11
2044,52,8,11
2045,52,8,11
2046,52,10,11
2047,52,10,11
2048,52,10,11
2049,52,10,11
2050,52,10,11
2051,52,10,11
2052,51,10,12
2053,51,10,12
2054,51,10,12
2055,51,10,12
2056,51,10,12
2057,51,10,12
2058,52,11,12
2059,52,11,12
2060,52,11,12
2061,52,11,12
2062,52,11,12
2063,52,11,12
2064,50,11,11
2065,50,11,11
2066,50,11,11
2067,50,11,11
2068,50,11,11
2069,50,11,11
2070,50,11,11
2071,50,11,11
2072,50,11,11
2073,50,11,11
2074,50,11,11
2075,50,11,11
2076,50,11,11
2077,50,11,11
2078,50,11,11
2079,50,11,11
2080,50,11,11
2081,50,11,11
2082,51,11,11
2083,51,11,11
2084,51,11,11
2085,51,11,11
2086,51,11,11
2087,51,11,11
2088,51,12,10
2089,51,12,10
2090,51,12,10
2091,51,12,10
2092,51,12,10
2093,51,12,10
2094,51,13,9
2095,51,13,9
2096,51,13,9
2097,51,13,9
2098,51,13,9
2099,51,13,9
2100,52,12,10
2101,52,12,10
2102,52,12,10
2103,52,12,10
2104,52,12,10
2105,52,12,10
2106,51,12,10
2107,51,12,10
2108,51,12,10
2109,51,12,10
2110,51,12,10
2111,51,12,10
2112,52,11,11
2113,52,11,11
2114,52,11,11
2115,52,11,11
2116,52,11,11
2117,52,11,11
2118,52,11,11
2119,52,11,11
2120,52,11,11
2121,52,11,11
2122,52,11,11
2123,52,11,11
2124,54,12,11
2125,54,12,11
2126,54,12,11
2127,54,12,11
2128,54,12,11
2129,54,12,11
2130,54,14,12
2131,54,14,12
2132,54,14,12
2133,54,14,12
2134,54,14,12
2135,54,14,12
2136,53,14,12
2137,53,14,12
2138,53,14,12
2139,53,14,12
2140,53,14,12
2141,53,14,12
2142,53,14,10
2143,53,14,10
2144,53,14,10
2145,53,14,10
2146,53,14,10
2147,53,14,10
2148,49,14,9
2149,49,14,9
2150,49,14,9
2151,49,14,9
2152,49,14,9
2153,49,14,9
2154,50,13,10
2155,50,13,10
2156,50,13,10
2157,50,13,10
2158,50,13,10
2159,50,13,10
2160,52,13,10
2161,52,13,10
2162,52,13,10
2163,52,13,10
2164,52,13,10
2165,52,13,10
2166,51,13,9
2167,51,13,9
2168,51,13,9
2169,51,13,9
2170,51,13,9
2171,51,13,9
2172,51,13,9
2173,51,13,9
2174,51,13,9
2175,51,13,9
2176,51,13,9
2177,51,13,9
2178,53,13,10
2179,53,13,10
2180,53,13,10
2181,53,13,10
2182,53,13,10
2183,53,13,10
2184,54,12,10
2185,54,12,10
2186,54,12,10
2187,54,12,10
2188,54,12,10
2189,54,12,10
2190,55,13,11
2191,55,13,11
2192,55,13,11
2193,55,13,11
2194,55,13,11
2195,55,13,11
2196,55,14,11
2197,55,14,11
2198,55,14,11
2199,55,14,11
2200,55,14,11
2201,55,14,11
2202,56,14,13
2203,56,14,13
2204,56,14,13
2205,56,14,13
2206,56,14,13
2207,56,14,13
2208,56,14,14
2209,56,14,14
2210,56,14,14
2211,56,14,14
2212,56,14,14
2213,56,14,14
2214,56,14,15
2215,56,14,15
2216,56,14,15
2217,56,14,15
2218,56,14,15
2219,56,14,15
2220,56,14,16
2221,56,14,16
2222,56,14,16
2223,56,14,16
2224,56,14,16
2225,56,14,16
2226,56,14,15
2227,56,14,15
2228,56,14,15
2229,56,14,15
2230,56,14,15
2231,56,14,15
2232,56,13,16
2233,56,13,16
2234,56,13,16
2235,56,13,16
2236,56,13,16
2237,56,13,16
2238,57,13,15
2239,57,13,15
2240,57,13,15
2241,57,13,15
2242,57,13,15
2243,57,13,15
2244,57,13,17
2245,57,13,17
2246,57,13,17
2247,57,13,17
2248,57,13,17
2249,57,13,17
2250,58,12,17
2251,58,12,17
2252,58,12,17
2253,58,12,17
2254,58,12,17
2255,58,12,17
2256,59,12,18
2257,59,12,18
2258,59,12,18
2259,59,12,18
2260,59,12,18
2261,59,12,18
2262,61,10,19
2263,61,10,19
2264,61,10,19
2265,61,10,19
2266,61,10,19
2267,61,10,19
2268,63,11,19
2269,63,11,19
2270,63,11,19
2271,63,11,19
2272,63,11,19
2273,63,11,19
2274,64,11,20
2275,64,11,20
2276,64,11,20
2277,64,11,20
2278,64,11,20
2279,64,11,20
2280,64,11,21
2281,64,11,21
2282,64,11,21
2283,64,11,21
2284,64,11,21
2285,64,11,21
2286,65,12,23
2287,65,12,23
2288,65,12,23
2289,65,12,23
2290,65,12,23
2291,65,12,23
2292,67,13,23
2293,67,13,23
2294,67,13,23
2295,67,13,23
2296,67,13,23
2297,67,13,23
2298,66,14,24
2299,66,14,24
2300,66,14,24
2301,66,14,24
2302,66,14,24
2303,66,14,24
2304,66,13,26
2305,66,13,26
2306,66,13,26
2307,66,13,26
2308,66,13,26
2309,66,13,26
2310,66,13,27
2311,66,13,27
2312,66,13,27
2313,66,13,27
2314,66,13,27
2315,66,13,27
2316,65,13,27
2317,65,13,27
2318,65,13,27
2319,65,13,27
2320,65,13,27
2321,65,13,27
2322,64,12,24
2323,64,12,24
2324,64,12,24
2325,64,12,24
2326,64,12,24
2327,64,12,24
2328,65,13,24
2329,65,13,24
2330,65,13,24
2331,65,13,24
2332,65,13,24
2333,65,13,24
2334,66,14,25
2335,66,14,25
2336,66,14,25
2337,66,14,25
2338,66,14,25
2339,66,14,25
2340,72,14,25
2341,72,14,25
2342,72,14,25
2343,72,14,25
2344,72,14,25
2345,72,14,25
2346,76,14,24
2347,76,14,24
2348,76,14,24
2349,76,14,24
2350,76,14,24
2351,76,14,24
2352,77,14,23
2353,77,14,23
2354,77,14,23
2355,77,14,23
2356,77,14,23
2357,77,14,23
2358,76,15,22
2359,76,15,22
2360,76,15,22
2361,76,15,22
2362,76,15,22
2363,76,15,22
2364,77,15,22
2365,77,15,22
2366,77,15,22
2367,77,15,22
2368,77,15,22
2369,77,15,22
2370,79,16,20
2371,79,16,20
2372,79,16,20
2373,79,16,20
2374,79,16,20
2375,79,16,20
2376,77,16,22
2377,77,16,22
2378,77,16,22
2379,77,16,22
2380,77,16,22
2381,77,16,22
2382,76,16,19
2383,76,16,19
2384,76,16,19
2385,76,16,19
2386,76,16,19
2387,76,16,19
2388,76,16,18
2389,76,16,18
2390,76,16,18
2391,76,16,18
2392,76,16,18
2393,76,16,18
2394,74,16,22
2395,74,16,22
2396,74,16,22
2397,74,16,22
2398,74,16,22
2399,74,16,22
2400,75,16,22
2401,75,16,22
2402,75,16,22
2403,75,16,22
2404,75,16,22
2405,75,16,22
2406,75,15,22
2407,75,15,22
2408,75,15,22
2409,75,15,22
2410,75,15,22
2411,75,15,22
2412,71,13,22
2413,71,13,22
2414,71,13,22
2415,71,13,22
2416,71,13,22
2417,71,13,22
2418,71,13,24
2419,71,13,24
2420,71,13,24
2421,71,13,24
2422,71,13,24
2423,71,13,24
2424,72,13,22
2425,72,13,22
2426,72,13,22
2427,72,13,22
2428,72,13,22
2429,72,13,22
2430,73,12,19
2431,73,12,19
2432,73,12,19
2433,73,12,19
2434,73,12,19
2435,73,12,19
2436,73,12,20
2437,73,12,20
2438,73,12,20
2439,73,12,20
2440,73,12,20
2441,73,12,20
2442,72,12,22
2443,72,12,22
2444,72,12,22
2445,72,12,22
2446,72,12,22
2447,72,12,22
2448,72,15,23
2449,72,15,23
2450,72,15,23
2451,72,15,23
2452,72,15,23
2453,72,15,23
2454,72,15,23
2455,72,15,23
2456,72,15,23
2457,72,15,23
2458,72,15,23
2459,72,15,23
2460,75,15,21
2461,75,15,21
2462,75,15,21
2463,75,15,21
2464,75,15,21
2465,75,15,21
2466,76,15,22
2467,76,15,22
2468,76,15,22
2469,76,15,22
2470,76,15,22
2471,76,15,22
2472,77,15,22
2473,77,15,22
2474,77,15,22
2475,77,15,22
2476,77,15,22
2477,77,15,22
2478,76,14,23
2479,76,14,23
2480,76,14,23
2481,76,14,23
2482,76,14,23
2483,76,14,23
2484,76,15,23
2485,76,15,23
2486,76,15,23
2487,76,15,23
2488,76,15,23
2489,76,15,23
2490,76,12,24
2491,76,12,24
2492,76,12,24
2493,76,12,24
2494,76,12,24
2495,76,12,24
2496,76,15,22
2497,76,15,22
2498,76,15,22
2499,76,15,22
2500,76,15,22
2501,76,15,22
2502,78,16,22
2503,78,16,22
2504,78,16,22
2505,78,16,22
2506,78,16,22
2507,78,16,22
2508,78,16,23
2509,78,16,23
2510,78,16,23
2511,78,16,23
2512,78,16,23
2513,78,16,23
2514,79,16,25
2515,79,16,25
2516,79,16,25
2517,79,16,25
2518,79,16,25
2519,79,16,25
2520,80,17,27
2521,80,17,27
2522,80,17,27
2523,80,17,27
2524,80,17,27
2525,80,17,27
2526,81,18,26
2527,81,18,26
2528,81,18,26
2529,81,18,26
2530,81,18,26
2531,81,18,26
2532,81,18,25
2533,81,18,25
2534,81,18,25
2535,81,18,25
2536,81,18,25
2537,81,18,25
2538,80,18,26
2539,80,18,26
2540,80,18,26
2541,80,18,26
2542,80,18,26
2543,80,18,26
2544,80,17,25
2545,80,17,25
2546,80,17,25
2547,80,17,25
2548,80,17,25
2549,80,17,25
2550,84,17,26
2551,84,17,26
2552,84,17,26
2553,84,17,26
2554,84,17,26
2555,84,17,26
2556,86,18,27
2557,86,18,27
2558,86,18,27
2559,86,18,27
2560,86,18,27
2561,86,18,27
2562,88,18,25
2563,88,18,25
2564,88,18,25
2565,88,18,25
2566,88,18,25
2567,88,18,25
2568,89,17,25
2569,89,17,25
2570,89,17,25
2571,89,17,25
2572,89,17,25
2573,89,17,25
2574,89,18,25
2575,89,18,25
2576,89,18,25
2577,89,18,25
2578,89,18,25
2579,89,18,25
2580,92,19,27
2581,92,19,27
2582,92,19,27
2583,92,19,27
2584,92,19,27
2585,92,19,27
2586,92,18,27
2587,92,18,27
2588,92,18,27
2589,92,18,27
2590,92,18,27
2591,92,18,27
2592,93,19,29
2593,93,19,29
2594,93,19,29
2595,93,19,29
2596,93,19,29
2597,93,19,29
2598,95,18,30
2599,95,18,30
2600,95,18,30
2601,95,18,30
2602,95,18,30
2603,95,18,30
2604,96,20,30
2605,96,20,30
2606,96,20,30
2607,96,20,30
2608,96,20,30
2609,96,20,30
2610,98,22,29
2611,98,22,29
2612,98,22,29
2613,98,22,29
2614,98,22,29
2615,98,22,29
2616,97,21,29
2617,97,21,29
2618,97,21,29
2619,97,21,29
2620,97,21,29
2621,97,21,29
2622,95,20,30
2623,95,20,30
2624,95,20,30
2625,95,20,30
2626,95,20,30
2627,95,20,30
2628,96,19,30
2629,96,19,30
2630,96,19,30
2631,96,19,30
2632,96,19,30
2633,96,19,30
2634,94,19,29
2635,94,19,29
2636,94,19,29
2637,94,19,29
2638,94,19,29
2639,94,19,29
2640,95,20,27
2641,95,20,27
2642,95,20,27
2643,95,20,27
2644,95,20,27
2645,95,20,27
2646,95,22,27
2647,95,22,27
2648,95,22,27
2649,95,22,27
2650,95,22,27
2651,95,22,27
2652,95,23,26
2653,95,23,26
2654,95,23,26
2655,95,23,26
2656,95,23,26
2657,95,23,26
2658,97,25,25
2659,97,25,25
2660,97,25,25
2661,97,25,25
2662,97,25,25
2663,97,25,25
2664,98,24,26
2665,98,24,26
2666,98,24,26
2667,98,24,26
2668,98,24,26
2669,98,24,26
2670,98,24,26
2671,98,24,26
2672,98,24,26
2673,98,24,26
2674,98,24,26
2675,98,24,26
2676,95,22,26
2677,95,22,26
2678,95,22,26
2679,95,22,26
2680,95,22,26
2681,95,22,26
2682,93,23,25
2683,93,23,25
2684,93,23,25
2685,93,23,25
2686,93,23,25
2687,93,23,25
2688,94,23,27
2689,94,23,27
2690,94,23,27
2691,94,23,27
2692,94,23,27
2693,94,23,27
2694,93,23,25
2695,93,23,25
2696,93,23,25
2697,93,23,25
2698,93,23,25
2699,93,23,25
2700,94,23,23
2701,94,23,23
2702,94,23,23
2703,94,23,23
2704,94,23,23
2705,94,23,23
2706,93,23,24
2707,93,23,24
2708,93,23,24
2709,93,23,24
2710,93,23,24
2711,93,23,24
2712,92,22,25
2713,92,22,25
2714,92,22,25
2715,92,22,25
2716,92,22,25
2717,92,22,25
2718,94,24,23
2719,94,24,23
2720,94,24,23
2721,94,24,23
2722,94,24,23
2723,94,24,23
2724,96,23,23
2725,96,23,23
2726,96,23,23
2727,96,23,23
2728,96,23,23
2729,96,23,23
2730,96,22,24
2731,96,22,24
2732,96,22,24
2733,96,22,24
2734,96,22,24
2735,96,22,24
2736,95,24,27
2737,95,24,27
2738,95,24,27
2739,95,24,27
2740,95,24,27
2741,95,24,27
2742,98,23,28
2743,98,23,28
2744,98,23,28
2745,98,23,28
2746,98,23,28
2747,98,23,28
2748,102,23,27
2749,102,23,27
2750,102,23,27
2751,102,23,27
2752,102,23,27
2753,102,23,27
2754,100,23,28
2755,100,23,28
2756,100,23,28
2757,100,23,28
2758,100,23,28
2759,100,23,28
2760,103,22,27
2761,103,22,27
2762,103,22,27
2763,103,22,27
2764,103,22,27
2765,103,22,27
2766,102,23,28
2767,102,23,28
2768,102,23,28
2769,102,23,28
2770,102,23,28
2771,102,23,28
2772,100,21,27
2773,100,21,27
2774,100,21,27
2775,100,21,27
2776,100,21,27
2777,100,21,27
2778,101,21,29
2779,101,21,29
2780,101,21,29
2781,101,21,29
2782,101,21,29
2783,101,21,29
2784,102,23,29
2785,102,23,29
2786,102,23,29
2787,102,23,29
2788,102,23,29
2789,102,23,29
2790,102,22,29
2791,102,22,29
2792,102,22,29
2793,102,22,29
2794,102,22,29
2795,102,22,29
2796,105,22,29
2797,105,22,29
2798,105,22,29
2799,105,22,29
2800,105,22,29
2801,105,22,29
2802,105,22,29
2803,105,22,29
2804,105,22,29
2805,105,22,29
2806,105,22,29
2807,105,22,29
2808,103,23,28
2809,103,23,28
2810,103,23,28
2811,103,23,28
2812,103,23,28
2813,103,23,28
2814,100,21,28
2815,100,21,28
2816,100,21,28
2817,100,21,28
2818,100,21,28
2819,100,21,28
2820,101,23,30
2821,101,23,30
2822,101,23,30
2823,101,23,30
2824,101,23,30
2825,101,23,30
2826,103,23,29
2827,103,23,29
2828,103,23,29
2829,103,23,29
2830,103,23,29
2831,103,23,29
2832,105,22,27
2833,105,22,27
2834,105,22,27
2835,105,22,27
2836,105,22,27
2837,105,22,27
2838,105,21,29
2839,105,21,29
2840,105,21,29
2841,105,21,29
2842,105,21,29
2843,105,21,29
2844,106,21,29
2845,106,21,29
2846,106,21,29
2847,106,21,29
2848,106,21,29
2849,106,21,29
2850,106,20,31
2851,106,20,31
2852,106,20,31
2853,106,20,31
2854,106,20,31
2855,106,20,31
2856,106,21,32
2857,106,21,32
2858,106,21,32
2859,106,21,32
2860,106,21,32
2861,106,21,32
2862,104,22,30
2863,104,22,30
2864,104,22,30
2865,104,22,30
2866,104,22,30
2867,104,22,30
2868,105,22,29
2869,105,22,29
2870,105,22,29
2871,105,22,29
2872,105,22,29
2873,105,22,29
2874,108,23,28
2875,108,23,28
2876,108,23,28
2877,108,23,28
2878,108,23,28
2879,108,23,28
2880,109,23,28
2881,109,23,28
2882,109,23,28
2883,109,23,28
2884,109,23,28
2885,109,23,28
2886,110,24,28
2887,110,24,28
2888,110,24,28
2889,110,24,28
2890,110,24,28
2891,110,24,28
2892,110,24,28
2893,110,24,28
2894,110,24,28
2895,110,24,28
2896,110,24,28
2897,110,24,28
2898,113,24,24
2899,113,24,24
2900,113,24,24
2901,113,24,24
2902,113,24,24
2903,113,24,24
2904,113,27,25
2905,113,27,25
2906,113,27,25
2907,113,27,25
2908,113,27,25
2909,113,27,25
2910,113,27,23
2911,113,27,23
2912,113,27,23
2913,113,27,23
2914,113,27,23
2915,113,27,23
2916,113,27,22
2917,113,27,22
2918,113,27,22
2919,113,27,22
2920,113,27,22
2921,113,27,22
2922,114,28,23
2923,114,28,23
2924,114,28,23
2925,114,28,23
2926,114,28,23
2927,114,28,23
2928,117,29,25
2929,117,29,25
2930,117,29,25
2931,117,29,25
2932,117,29,25
2933,117,29,25
2934,120,31,26
2935,120,31,26
2936,120,31,26
2937,120,31,26
2938,120,31,26
2939,120,31,26
2940,124,31,28
2941,124,31,28
2942,124,31,28
2943,124,31,28
2944,124,31,28
2945,124,31,28
2946,126,30,29
2947,126,30,29
2948,126,30,29
2949,126,30,29
2950,126,30,29
2951,126,30,29
2952,125,29,31
2953,125,29,31
2954,125,29,31
2955,125,29,31
2956,125,29,31
2957,125,29,31
2958,126,29,30
2959,126,29,30
2960,126,29,30
2961,126,29,30
2962,126,29,30
2963,126,29,30
2964,126,29,29
2965,126,29,29
2966,126,29,29
2967,126,29,29
2968,126,29,29
2969,126,29,29
2970,126,30,29
2971,126,30,29
2972,126,30,29
2973,126,30,29
2974,126,30,29
2975,126,30,29
2976,126,31,26
2977,126,31,26
2978,126,31,26
2979,126,31,26
2980,126,31,26
2981,126,31,26
2982,126,27,26
2983,126,27,26
2984,126,27,26
2985,126,27,26
2986,126,27,26
2987,126,27,26
2988,125,30,26
2989,125,30,26
2990,125,30,26
2991,125,30,26
2992,125,30,26
2993,125,30,26
2994,121,32,26
2995,121,32,26
2996,121,32,26
2997,121,32,26
2998,121,32,26
2999,121,32,26
3000,123,33,28
3001,123,33,28
3002,123,33,28
3003,123,33,28
3004,123,33,28
3005,123,33,28
3006,129,34,29
3007,129,34,29
3008,129,34,29
3009,129,34,29
3010,129,34,29
3011,129,34,29
3012,131,36,28
3013,131,36,28
3014,131,36,28
3015,131,36,28
3016,131,36,28
3017,131,36,28
3018,136,37,30
3019,136,37,30
3020,136,37,30
3021,136,37,30
3022,136,37,30
3023,136,37,30
3024,134,35,31
3025,134,35,31
3026,134,35,31
3027,134,35,31
3028,134,35,31
3029,134,35,31
3030,134,35,32
3031,134,35,32
3032,134,35,32
3033,134,35,32
3034,134,35,32
3035,134,35,32
3036,137,34,33
3037,137,34,33
3038,137,34,33
3039,137,34,33
3040,137,34,33
3041,137,34,33
3042,140,34,33
3043,140,34,33
3044,140,34,33
3045,140,34,33
3046,140,34,33
3047,140,34,33
3048,140,32,36
3049,140,32,36
3050,140,32,36
3051,140,32,36
3052,140,32,36
3053,140,32,36
3054,141,33,35
3055,141,33,35
3056,141,33,35
3057,141,33,35
3058,141,33,35
3059,141,33,35
3060,149,33,32
3061,149,33,32
3062,149,33,32
3063,149,33,32
3064,149,33,32
3065,149,33,32
3066,151,32,33
3067,151,32,33
3068,151,32,33
3069,151,32,33
3070,151,32,33
3071,151,32,33
3072,157,31,33
3073,157,31,33
3074,157,31,33
3075,157,31,33
3076,157,31,33
3077,157,31,33
3078,160,32,32
3079,160,32,32
3080,160,32,32
3081,160,32,32
3082,160,32,32
3083,160,32,32
3084,158,36,34
3085,158,36,34
3086,158,36,34
3087,158,36,34
3088,158,36,34
3089,158,36,34
3090,157,36,33
3091,157,36,33
3092,157,36,33
3093,157,36,33
3094,157,36,33
3095,157,36,33
3096,157,37,32
3097,157,37,32
3098,157,37,32
3099,157,37,32
3100,157,37,32
3101,157,37,32
3102,159,37,33
3103,159,37,33
3104,159,37,33
3105,159,37,33
3106,159,37,33
3107,159,37,33
3108,158,40,33
3109,158,40,33
3110,158,40,33
3111,158,40,33
3112,158,40,33
3113,158,40,33
3114,160,38,34
3115,160,38,34
3116,160,38,34
3117,160,38,34
3118,160,38,34
3119,160,38,34
3120,155,38,34
3121,155,38,34
3122,155,38,34
3123,155,38,34
3124,155,38,34
3125,155,38,34
3126,156,40,35
3127,156,40,35
3128,156,40,35
3129,156,40,35
3130,156,40,35
3131,156,40,35
3132,156,40,37
3133,156,40,37
3134,156,40,37
3135,156,40,37
3136,156,40,37
3137,156,40,37
3138,159,40,40
3139,159,40,40
3140,159,40,40
3141,159,40,40
3142,159,40,40
3143,159,40,40
3144,161,40,40
3145,161,40,40
3146,161,40,40
3147,161,40,40
3148,161,40,40
3149,161,40,40
3150,158,41,41
3151,158,41,41
3152,158,41,41
3153,158,41,41
3154,158,41,41
3155,158,41,41
3156,157,41,43
3157,157,41,43
3158,157,41,43
3159,157,41,43
3160,157,41,43
3161,157,41,43
3162,151,42,43
3163,151,42,43
3164,151,42,43
3165,151,42,43
3166,151,42,43
3167,151,42,43
3168,151,43,42
3169,151,43,42
3170,151,43,42
3171,151,43,42
3172,151,43,42
3173,151,43,42
3174,148,41,40
3175,148,41,40
3176,148,41,40
3177,148,41,40
3178,148,41,40
3179,148,41,40
3180,151,41,40
3181,151,41,40
3182,151,41,40
3183,151,41,40
3184,151,41,40
3185,151,41,40
3186,152,42,42
3187,152,42,42
3188,152,42,42
3189,152,42,42
3190,152,42,42
3191,152,42,42
3192,148,41,46
3193,148,41,46
3194,148,41,46
3195,148,41,46
3196,148,41,46
3197,148,41,46
3198,147,41,45
3199,147,41,45
3200,147,41,45
3201,147,41,45
3202,147,41,45
3203,147,41,45
3204,152,39,47
3205,152,39,47
3206,152,39,47
3207,152,39,47
3208,152,39,47
3209,152,39,47
3210,147,38,45
3211,147,38,45
3212,147,38,45
3213,147,38,45
3214,147,38,45
3215,147,38,45
3216,149,39,46
3217,149,39,46
3218,149,39,46
3219,149,39,46
3220,149,39,46
3221,149,39,46
3222,151,40,46
3223,151,40,46
3224,151,40,46
3225,151,40,46
3226,151,40,46
3227,151,40,46
3228,151,39,47
3229,151,39,47
3230,151,39,47
3231,151,39,47
3232,151,39,47
3233,151,39,47
3234,147,36,50
3235,147,36,50
3236,147,36,50
3237,147,36,50
3238,147,36,50
3239,147,36,50
3240,144,34,49
3241,144,34,49
3242,144,34,49
3243,144,34,49
3244,144,34,49
3245,144,34,49
3246,143,34,51
3247,143,34,51
3248,143,34,51
3249,143,34,51
3250,143,34,51
3251,143,34,51
3252,142,34,49
3253,142,34,49
3254,142,34,49
3255,142,34,49
3256,142,34,49
3257,142,34,49
3258,142,32,48
3259,142,32,48
3260,142,32,48
3261,142,32,48
3262,142,32,48
3263,142,32,48
3264,141,31,47
3265,141,31,47
3266,141,31,47
3267,141,31,47
3268,141,31,47
3269,141,31,47
3270,143,33,43
3271,143,33,43
3272,143,33,43
3273,143,33,43
3274,143,33,43
3275,143,33,43
3276,147,31,41
3277,147,31,41
3278,147,31,41
3279,147,31,41
3280,147,31,41
3281,147,31,41
3282,149,32,40
3283,149,32,40
3284,149,32,40
3285,149,32,40
3286,149,32,40
3287,149,32,40
3288,150,33,42
3289,150,33,42
3290,150,33,42
3291,150,33,42
3292,150,33,42
3293,150,33,42
3294,143,31,42
3295,143,31,42
3296,143,31,42
3297,143,31,42
3298,143,31,42
3299,143,31,42
3300,144,31,42
3301,144,31,42
3302,144,31,42
3303,144,31,42
3304,144,31,42
3305,144,31,42
3306,146,29,42
3307,146,29,42
3308,146,29,42
3309,146,29,42
3310,146,29,42
3311,146,29,42
3312,147,31,41
3313,147,31,41
3314,147,31,41
3315,147,31,41
3316,147,31,41
3317,147,31,41
3318,150,32,41
3319,150,32,41
3320,150,32,41
3321,150,32,41
3322,150,32,41
3323,150,32,41
3324,149,31,41
3325,149,31,41
3326,149,31,41
3327,149,31,41
3328,149,31,41
3329,149,31,41
3330,152,32,41
3331,152,32,41
3332,152,32,41
3333,152,32,41
3334,152,32,41
3335,152,32,41
3336,151,31,44
3337,151,31,44
3338,151,31,44
3339,151,31,44
3340,151,31,44
3341,151,31,44
3342,157,30,48
3343,157,30,48
3344,157,30,48
3345,157,30,48
3346,157,30,48
3347,157,30,48
3348,153,30,51
3349,153,30,51
3350,153,30,51
3351,153,30,51
3352,153,30,51
3353,153,30,51
3354,155,30,55
3355,155,30,55
3356,155,30,55
3357,155,30,55
3358,155,30,55
3359,155,30,55
3360,158,29,55
3361,158,29,55
3362,158,29,55
3363,158,29,55
3364,158,29,55
3365,158,29,55
3366,162,32,56
3367,162,32,56
3368,162,32,56
3369,162,32,56
3370,162,32,56
3371,162,32,56
3372,162,34,58
3373,162,34,58
3374,162,34,58
3375,162,34,58
3376,162,34,58
3377,162,34,58
3378,159,36,63
3379,159,36,63
3380,159,36,63
3381,159,36,63
3382,159,36,63
3383,159,36,63
3384,163,37,63
3385,163,37,63
3386,163,37,63
3387,163,37,63
3388,163,37,63
3389,163,37,63
3390,166,35,61
3391,166,35,61
3392,166,35,61
3393,166,35,61
3394,166,35,61
3395,166,35,61
3396,171,36,65
3397,171,36,65
3398,171,36,65
3399,171,36,65
3400,171,36,65
3401,171,36,65
3402,173,38,66
3403,173,38,66
3404,173,38,66
3405,173,38,66
3406,173,38,66
3407,173,38,66
3408,182,40,66
3409,182,40,66
3410,182,40,66
3411,182,40,66
3412,182,40,66
3413,182,40,66
3414,186,40,68
3415,186,40,68
3416,186,40,68
3417,186,40,68
3418,186,40,68
3419,186,40,68
3420,188,42,70
3421,188,42,70
3422,188,42,70
3423,188,42,70
3424,188,42,70
3425,188,42,70
3426,189,42,67
3427,189,42,67
3428,189,42,67
3429,189,42,67
3430,189,42,67
3431,189,42,67
3432,184,43,63
3433,184,43,63
3434,184,43,63
3435,184,43,63
3436,184,43,63
3437,184,43,63
3438,192,44,72
3439,192,44,72
3440,192,44,72
3441,192,44,72
3442,192,44,72
3443,192,44,72
3444,197,46,74
3445,197,46,74
3446,197,46,74
3447,197,46,74
3448,197,46,74
3449,197,46,74
3450,198,51,72
3451,198,51,72
3452,198,51,72
3453,198,51,72
3454,198,51,72
3455,198,51,72
3456,199,53,68
3457,199,53,68
3458,199,53,68
3459,199,53,68
3460,199,53,68
3461,199,53,68
3462,197,52,70
3463,197,52,70
3464,197,52,70
3465,197,52,70
3466,197,52,70
3467,197,52,70
3468,199,51,69
3469,199,51,69
3470,199,51,69
3471,199,51,69
3472,199,51,69
3473,199,51,69
3474,198,51,68
3475,198,51,68
3476,198,51,68
3477,198,51,68
3478,198,51,68
3479,198,51,68
3480,198,51,67
3481,198,51,67
3482,198,51,67
3483,198,51,67
3484,198,51,67
3485,198,51,67
3486,196,52,63
3487,196,52,63
3488,196,52,63
3489,196,52,63
3490,196,52,63
3491,196,52,63
3492,199,51,63
3493,199,51,63
3494,199,51,63
3495,199,51,63
3496,199,51,63
3497,199,51,63
3498,205,53,55
3499,205,53,55
3500,205,53,55
3501,205,53,55
3502,205,53,55
3503,205,53,55
3504,205,56,52
3505,205,56,52
3506,205,56,52
3507,205,56,52
3508,205,56,52
3509,205,56,52
3510,204,55,61
3511,204,55,61
3512,204,55,61
3513,204,55,61
3514,204,55,61
3515,204,55,61
3516,209,54,61
3517,209,54,61
3518,209,54,61
3519,209,54,61
3520,209,54,61
3521,209,54,61
3522,207,53,60
3523,207,53,60
3524,207,53,60
3525,207,53,60
3526,207,53,60
3527,207,53,60
3528,209,52,60
3529,209,52,60
3530,209,52,60
3531,209,52,60
3532,209,52,60
3533,209,52,60
3534,204,51,59
3535,204,51,59
3536,204,51,59
3537,204,51,59
3538,204,51,59
3539,204,51,59
3540,203,48,55
3541,203,48,55
3542,203,48,55
3543,203,48,55
3544,203,48,55
3545,203,48,55
3546,202,47,56
3547,202,47,56
3548,202,47,56
3549,202,47,56
3550,202,47,56
3551,202,47,56
3552,202,48,60
3553,202,48,60
3554,202,48,60
3555,202,48,60
3556,202,48,60
3557,202,48,60
3558,208,48,56
3559,208,48,56
3560,208,48,56
3561,208,48,56
3562,208,48,56
3563,208,48,56
3564,208,47,55
3565,208,47,55
3566,208,47,55
3567,208,47,55
3568,208,47,55
3569,208,47,55
3570,205,46,54
3571,205,46,54
3572,205,46,54
3573,205,46,54
3574,205,46,54
3575,205,46,54
3576,203,44,55
3577,203,44,55
3578,203,44,55
3579,203,44,55
3580,203,44,55
3581,203,44,55
3582,203,45,49
3583,203,45,49
3584,203,45,49
3585,203,45,49
3586,203,45,49
3587,203,45,49
3588,206,45,53
3589,206,45,53
3590,206,45,53
3591,206,45,53
3592,206,45,53
3593,206,45,53
3594,210,47,50
3595,210,47,50
3596,210,47,50
3597,210,47,50
3598,210,47,50
3599,210,47,50
3600,215,47,49
3601,215,47,49
3602,215,47,49
3603,215,47,49
3604,215,47,49
3605,215,47,49
3606,209,48,53
3607,209,48,53
3608,209,48,53
3609,209,48,53
3610,209,48,53
3611,209,48,53
3612,211,47,53
3613,211,47,53
3614,211,47,53
3615,211,47,53
3616,211,47,53
3617,211,47,53
3618,214,46,54
3619,214,46,54
3620,214,46,54
3621,214,46,54
3622,214,46,54
3623,214,46,54
3624,219,45,57
3625,219,45,57
3626,219,45,57
3627,219,45,57
3628,219,45,57
3629,219,45,57
3630,213,43,56
3631,213,43,56
3632,213,43,56
3633,213,43,56
3634,213,43,56
3635,213,43,56
3636,224,45,54
3637,224,45,54
3638,224,45,54
3639,224,45,54
3640,224,45,54
3641,224,45,54
3642,223,43,55
3643,223,43,55
3644,223,43,55
3645,223,43,55
3646,223,43,55
3647,223,43,55
3648,228,44,57
3649,228,44,57
3650,228,44,57
3651,228,44,57
3652,228,44,57
3653,228,44,57
3654,223,46,59
3655,223,46,59
3656,223,46,59
3657,223,46,59
3658,223,46,59
3659,223,46,59
3660,217,46,59
3661,217,46,59
3662,217,46,59
3663,217,46,59
3664,217,46,59
3665,217,46,59
3666,224,50,61
3667,224,50,61
3668,224,50,61
3669,224,50,61
3670,224,50,61
3671,224,50,61
3672,229,49,67
3673,229,49,67
3674,229,49,67
3675,229,49,67
3676,229,49,67
3677,229,49,67
3678,230,51,66
3679,230,51,66
3680,230,51,66
3681,230,51,66
3682,230,51,66
3683,230,51,66
3684,229,49,68
3685,229,49,68
3686,229,49,68
3687,229,49,68
3688,229,49,68
3689,229,49,68
3690,226,51,74
3691,226,51,74
3692,226,51,74
3693,226,51,74
3694,226,51,74
3695,226,51,74
3696,232,51,74
3697,232,51,74
3698,232,51,74
3699,232,51,74
3700,232,51,74
3701,232,51,74
3702,241,49,77
3703,241,49,77
3704,241,49,77
3705,241,49,77
3706,241,49,77
3707,241,49,77
3708,239,50,80
3709,239,50,80
3710,239,50,80
3711,239,50,80
3712,239,50,80
3713,239,50,80
3714,238,50,81
3715,238,50,81
3716,238,50,81
3717,238,50,81
3718,238,50,81
3719,238,50,81
3720,241,47,81
3721,241,47,81
3722,241,47,81
3723,241,47,81
3724,241,47,81
3725,241,47,81
3726,243,51,84
3727,243,51,84
3728,243,51,84
3729,243,51,84
3730,243,51,84
3731,243,51,84
3732,247,52,87
3733,247,52,87
3734,247,52,87
3735,247,52,87
3736,247,52,87
3737,247,52,87
3738,246,53,89
3739,246,53,89
3740,246,53,89
3741,246,53,89
3742,246,53,89
3743,246,53,89
3744,253,53,88
3745,253,53,88
3746,253,53,88
3747,253,53,88
3748,253,53,88
3749,253,53,88
3750,254,59,88
3751,254,59,88
3752,254,59,88
3753,254,59,88
3754,254,59,88
3755,254,59,88
3756,250,60,88
3757,250,60,88
3758,250,60,88
3759,250,60,88
3760,250,60,88
3761,250,60,88
3762,248,63,88
3763,248,63,88
3764,248,63,88
3765,248,63,88
3766,248,63,88
3767,248,63,88
3768,255,63,93
3769,255,63,93
3770,255,63,93
3771,255,63,93
3772,255,63,93
3773,255,63,93
3774,259,64,90
3775,259,64,90
3776,259,64,90
3777,259,64,90
3778,259,64,90
3779,259,64,90
3780,269,68,90
3781,269,68,90
3782,269,68,90
3783,269,68,90
3784,269,68,90
3785,269,68,90
3786,265,66,94
3787,265,66,94
3788,265,66,94
3789,265,66,94
3790,265,66,94
3791,265,66,94
3792,273,67,95
3793,273,67,95
3794,273,67,95
3795,273,67,95
3796,273,67,95
3797,273,67,95
3798,277,66,95
3799,277,66,95
3800,277,66,95
3801,277,66,95
3802,277,66,95
3803,277,66,95
3804,275,70,101
3805,275,70,101
3806,275,70,101
3807,275,70,101
3808,275,70,101
3809,275,70,101
3810,287,69,101
3811,287,69,101
3812,287,69,101
3813,287,69,101
3814,287,69,101
3815,287,69,101
3816,285,75,100
3817,285,75,100
3818,285,75,100
3819,285,75,100
3820,285,75,100
3821,285,75,100
3822,292,73,95
3823,292,73,95
3824,292,73,95
3825,292,73,95
3826,292,73,95
3827,292,73,95
3828,289,74,93
3829,289,74,93
3830,289,74,93
3831,289,74,93
3832,289,74,93
3833,289,74,93
3834,287,75,100
3835,287,75,100
3836,287,75,100
3837,287,75,100
3838,287,75,100
3839,287,75,100
3840,289,79,101
3841,289,79,101
3842,289,79,101
3843,289,79,101
3844,289,79,101
3845,289,79,101
3846,293,72,104
3847,293,72,104
3848,293,72,104
3849,293,72,104
3850,293,72,104
3851,293,72,104
3852,293,76,108
3853,293,76,108
3854,293,76,108
3855,293,76,108
3856,293,76,108
3857,293,76,108
3858,289,75,108
3859,289,75,108
3860,289,75,108
3861,289,75,108
3862,289,75,108
3863,289,75,108
3864,287,76,110
3865,287,76,110
3866,287,76,110
3867,287,76,110
3868,287,76,110
3869,287,76,110
3870,288,70,112
3871,288,70,112
3872,288,70,112
3873,288,70,112
3874,288,70,112
3875,288,70,112
3876,288,66,112
3877,288,66,112
3878,288,66,112
3879,288,66,112
3880,288,66,112
3881,288,66,112
3882,289,65,113
3883,289,65,113
3884,289,65,113
3885,289,65,113
3886,289,65,113
3887,289,65,113
3888,297,69,108
3889,297,69,108
3890,297,69,108
3891,297,69,108
3892,297,69,108
3893,297,69,108
3894,288,70,111
3895,288,70,111
3896,288,70,111
3897,288,70,111
3898,288,70,111
3899,288,70,111
3900,281,70,113
3901,281,70,113
3902,281,70,113
3903,281,70,113
3904,281,70,113
3905,281,70,113
3906,285,70,121
3907,285,70,121
3908,285,70,121
3909,285,70,121
3910,285,70,121
3911,285,70,121
3912,272,70,124
3913,272,70,124
3914,272,70,124
3915,272,70,124
3916,272,70,124
3917,272,70,124
3918,273,71,125
3919,273,71,125
3920,273,71,125
3921,273,71,125
3922,273,71,125
3923,273,71,125
3924,268,70,115
3925,268,70,115
3926,268,70,115
3927,268,70,115
3928,268,70,115
3929,268,70,115
3930,266,71,121
3931,266,71,121
3932,266,71,121
3933,266,71,121
3934,266,71,121
3935,266,71,121
3936,263,67,125
3937,263,67,125
3938,263,67,125
3939,263,67,125
3940,263,67,125
3941,263,67,125
3942,262,69,120
3943,262,69,120
3944,262,69,120
3945,262,69,120
3946,262,69,120
3947,262,69,120
3948,269,71,119
3949,269,71,119
3950,269,71,119
3951,269,71,119
3952,269,71,119
3953,269,71,119
3954,270,72,125
3955,270,72,125
3956,270,72,125
3957,270,72,125
3958,270,72,125
3959,270,72,125
3960,261,71,122
3961,261,71,122
3962,261,71,122
3963,261,71,122
3964,261,71,122
3965,261,71,122
3966,268,73,116
3967,268,73,116
3968,268,73,116
3969,268,73,116
3970,268,73,116
3971,268,73,116
3972,270,74,114
3973,270,74,114
3974,270,74,114
3975,270,74,114
3976,270,74,114
3977,270,74,114
3978,274,71,119
3979,274,71,119
3980,274,71,119
3981,274,71,119
3982,274,71,119
3983,274,71,119
3984,265,69,121
3985,265,69,121
3986,265,69,121
3987,265,69,121
3988,265,69,121
3989,265,69,121
3990,265,71,119
3991,265,71,119
3992,265,71,119
3993,265,71,119
3994,265,71,119
3995,265,71,119
3996,272,72,119
3997,272,72,119
3998,272,72,119
3999,272,72,119
4000,272,72,119
4001,272,72,119
4002,269,78,121
4003,269,78,121
4004,269,78,121
4005,269,78,121
4006,269,78,121
4007,269,78,121
4008,270,80,125
4009,270,80,125
4010,270,80,125
4011,270,80,125
4012,270,80,125
4013,270,80,125
4014,273,79,126
4015,273,79,126
4016,273,79,126
4017,273,79,126
4018,273,79,126
4019,273,79,126
4020,276,82,127
4021,276,82,127
4022,276,82,127
4023,276,82,127
4024,276,82,127
4025,276,82,127
4026,273,84,124
4027,273,84,124
4028,273,84,124
4029,273,84,124
4030,273,84,124
4031,273,84,124
4032,291,84,122
4033,291,84,122
4034,291,84,122
4035,291,84,122
4036,291,84,122
4037,291,84,122
4038,294,82,118
4039,294,82,118
4040,294,82,118
4041,294,82,118
4042,294,82,118
4043,294,82,118
4044,299,83,119
4045,299,83,119
4046,299,83,119
4047,299,83,119
4048,299,83,119
4049,299,83,119
4050,302,79,119
4051,302,79,119
4052,302,79,119
4053,302,79,119
4054,302,79,119
4055,302,79,119
4056,301,78,119
4057,301,78,119
4058,301,78,119
4059,301,78,119
4060,301,78,119
4061,301,78,119
4062,312,77,121
4063,312,77,121
4064,312,77,121
4065,312,77,121
4066,312,77,121
4067,312,77,121
4068,312,77,128
4069,312,77,128
4070,312,77,128
4071,312,77,128
4072,312,77,128
4073,312,77,128
4074,316,78,130
4075,316,78,130
4076,316,78,130
4077,316,78,130
4078,316,78,130
4079,316,78,130
4080,313,80,132
4081,313,80,132
4082,313,80,132
4083,313,80,132
4084,313,80,132
4085,313,80,132
4086,313,80,131
4087,313,80,131
4088,313,80,131
4089,313,80,131
4090,313,80,131
4091,313,80,131
4092,322,77,135
4093,322,77,135
4094,322,77,135
4095,322,77,135
4096,322,77,135
4097,322,77,135
4098,331,78,132
4099,331,78,132
4100,331,78,132
4101,331,78,132
4102,331,78,132
4103,331,78,132
4104,341,81,131
4105,341,81,131
4106,341,81,131
4107,341,81,131
4108,341,81,131
4109,341,81,131
4110,345,88,129
4111,345,88,129
4112,345,88,129
4113,345,88,129
4114,345,88,129
4115,345,88,129
4116,359,99,138
4117,359,99,138
4118,359,99,138
4119,359,99,138
4120,359,99,138
4121,359,99,138
4122,362,98,137
4123,362,98,137
4124,362,98,137
4125,362,98,137
4126,362,98,137
4127,362,98,137
4128,362,98,135
4129,362,98,135
4130,362,98,135
4131,362,98,135
4132,362,98,135
4133,362,98,135
4134,356,93,135
4135,356,93,135
4136,356,93,135
4137,356,93,135
4138,356,93,135
4139,356,93,135
4140,364,96,139
4141,364,96,139
4142,364,96,139
4143,364,96,139
4144,364,96,139
4145,364,96,139
4146,363,92,145
4147,363,92,145
4148,363,92,145
4149,363,92,145
4150,363,92,145
4151,363,92,145
4152,358,89,145
4153,358,89,145
4154,358,89,145
4155,358,89,145
4156,358,89,145
4157,358,89,145
4158,361,98,150
4159,361,98,150
4160,361,98,150
4161,361,98,150
4162,361,98,150
4163,361,98,150
4164,363,99,152
4165,363,99,152
4166,363,99,152
4167,363,99,152
4168,363,99,152
4169,363,99,152
4170,359,102,152
4171,359,102,152
4172,359,102,152
4173,359,102,152
4174,359,102,152
4175,359,102,152
4176,351,104,154
4177,351,104,154
4178,351,104,154
4179,351,104,154
4180,351,104,154
4181,351,104,154
4182,348,106,160
4183,348,106,160
4184,348,106,160
4185,348,106,160
4186,348,106,160
4187,348,106,160
4188,347,108,160
4189,347,108,160
4190,347,108,160
4191,347,108,160
4192,347,108,160
4193,347,108,160
4194,351,110,168
4195,351,110,168
4196,351,110,168
4197,351,110,168
4198,351,110,168
4199,351,110,168
4200,354,111,165
4201,354,111,165
4202,354,111,165
4203,354,111,165
4204,354,111,165
4205,354,111,165
4206,352,111,171
4207,352,111,171
4208,352,111,171
4209,352,111,171
4210,352,111,171
4211,352,111,171
4212,347,114,165
4213,347,114,165
4214,347,114,165
4215,347,114,165
4216,347,114,165
4217,347,114,165
4218,345,118,164
4219,345,118,164
4220,345,118,164
4221,345,118,164
4222,345,118,164
4223,345,118,164
4224,346,116,162
4225,346,116,162
4226,346,116,162
4227,346,116,162
4228,346,116,162
4229,346,116,162
4230,342,116,166
4231,342,116,166
4232,342,116,166
4233,342,116,166
4234,342,116,166
4235,342,116,166
4236,350,113,163
4237,350,113,163
4238,350,113,163
4239,350,113,163
4240,350,113,163
4241,350,113,163
4242,366,114,163
4243,366,114,163
4244,366,114,163
4245,366,114,163
4246,366,114,163
4247,366,114,163
4248,366,115,166
4249,366,115,166
4250,366,115,166
4251,366,115,166
4252,366,115,166
4253,366,115,166
4254,366,117,165
4255,366,117,165
4256,366,117,165
4257,366,117,165
4258,366,117,165
4259,366,117,165
4260,371,119,167
4261,371,119,167
4262,371,119,167
4263,371,119,167
4264,371,119,167
4265,371,119,167
4266,378,115,168
4267,378,115,168
4268,378,115,168
4269,378,115,168
4270,378,115,168
4271,378,115,168
4272,378,118,167
4273,378,118,167
4274,378,118,167
4275,378,118,167
4276,378,118,167
4277,378,118,167
4278,386,121,167
4279,386,121,167
4280,386,121,167
4281,386,121,167
4282,386,121,167
4283,386,121,167
4284,395,123,166
