# it, nbArbresSains, nbArbresEnFeu
0,12,0
1,12,0
2,12,0
3,12,0
4,12,0
5,12,0
6,12,0
7,12,0
8,12,0
9,12,0
10,12,0
11,12,0
12,12,0
13,12,0
14,12,0
15,12,0
16,12,0
17,12,0
18,12,0
19,12,0
20,12,0
21,12,0
22,12,0
23,12,0
24,12,0
25,12,0
26,12,0
27,12,0
28,12,0
29,12,0
30,12,0
31,12,0
32,12,0
33,12,0
34,12,0
35,12,0
36,12,0
37,12,0
38,12,0
39,12,0
40,12,0
41,12,0
42,12,0
43,12,0
44,12,0
45,12,0
46,12,0
47,12,0
48,12,0
49,12,0
50,12,0
51,12,0
52,12,0
53,12,0
54,12,0
55,12,0
56,12,0
57,12,0
58,12,0
59,12,0
60,12,0
61,12,0
62,12,0
63,12,0
64,12,0
65,12,0
66,12,0
67,12,0
68,12,0
69,12,0
70,12,0
71,12,0
72,12,0
73,12,0
74,12,0
75,12,0
76,12,0
77,12,0
78,12,0
79,12,0
80,12,0
81,12,0
82,12,0
83,12,0
84,12,0
85,12,0
86,12,0
87,12,0
88,12,0
89,12,0
90,12,0
91,12,0
92,12,0
93,12,0
94,12,0
95,12,0
96,12,0
97,12,0
98,12,0
99,12,0
100,12,0
101,12,0
102,12,0
103,12,0
104,12,0
105,12,0
106,12,0
107,12,0
108,12,0
109,12,0
110,12,0
111,12,0
112,12,0
113,12,0
114,12,0
115,12,0
116,12,0
117,12,0
118,12,0
119,12,0
120,12,0
121,12,0
122,12,0
123,13,0
124,13,0
125,13,0
126,13,0
127,13,0
128,13,0
129,13,0
130,13,0
131,13,0
132,13,0
133,13,0
134,13,0
135,13,0
136,13,0
137,13,0
138,13,0
139,13,0
140,13,0
141,13,0
142,13,0
143,14,0
144,14,0
145,14,0
146,14,0
147,14,0
148,14,0
149,14,0
150,14,0
151,14,0
152,14,0
153,14,0
154,14,0
155,14,0
156,14,0
157,14,0
158,14,0
159,14,0
160,14,0
161,14,0
162,14,0
163,14,0
164,14,0
165,14,0
166,14,0
167,14,0
168,14,0
169,14,0
170,14,0
171,14,0
172,14,0
173,14,0
174,15,0
175,15,0
176,15,0
177,15,0
178,15,0
179,15,0
180,15,0
181,15,0
182,15,0
183,15,0
184,15,0
185,15,0
186,15,0
187,15,0
188,15,0
189,15,0
190,15,0
191,15,0
192,15,0
193,15,0
194,15,0
195,15,0
196,15,0
197,15,0
198,15,0
199,15,0
200,15,0
201,15,0
202,15,0
203,15,0
204,15,0
205,15,0
206,15,0
207,15,0
208,15,0
209,15,0
210,15,0
211,15,0
212,15,0
213,15,0
214,15,0
215,15,0
216,15,0
217,15,0
218,15,0
219,15,0
220,15,0
221,15,0
222,15,0
223,15,0
224,15,0
225,15,0
226,15,0
227,15,0
228,15,0
229,15,0
230,15,0
231,15,0
232,15,0
233,15,0
234,15,0
235,15,0
236,15,0
237,15,0
238,15,0
239,15,0
240,15,0
241,15,0
242,15,0
243,15,0
244,15,0
245,15,0
246,15,0
247,15,0
248,15,0
249,15,0
250,15,0
251,15,0
252,15,0
253,15,0
254,15,0
255,15,0
256,15,0
257,15,0
258,15,0
259,15,0
260,15,0
261,15,0
262,15,0
263,15,0
264,15,0
265,15,0
266,15,0
267,15,0
268,15,0
269,15,0
270,15,0
271,15,0
272,15,0
273,15,0
274,15,0
275,15,0
276,15,0
277,15,0
278,15,0
279,15,0
280,15,0
281,15,0
282,15,0
283,15,0
284,15,0
285,15,0
286,15,0
287,15,0
288,15,0
289,15,0
290,15,0
291,15,0
292,15,0
293,15,0
294,15,0
295,15,0
296,15,0
297,15,0
298,15,0
299,15,0
300,15,0
301,15,0
302,15,0
303,15,0
304,15,0
305,15,0
306,15,0
307,15,0
308,15,0
309,15,0
310,15,0
311,15,0
312,15,0
313,15,0
314,15,0
315,15,0
316,15,0
317,15,0
318,15,0
319,15,0
320,15,0
321,15,0
322,15,0
323,15,0
324,15,0
325,15,0
326,15,0
327,15,0
328,15,0
329,15,0
330,15,0
331,15,0
332,15,0
333,15,0
334,15,0
335,15,0
336,15,0
337,15,0
338,15,0
339,15,0
340,15,0
341,15,0
342,15,0
343,15,0
344,15,0
345,15,0
346,15,0
347,15,0
348,15,0
349,15,0
350,15,0
351,15,0
352,15,0
353,15,0
354,15,0
355,15,0
356,15,0
357,15,0
358,15,0
359,15,0
360,15,0
361,15,0
362,15,0
363,15,0
364,15,0
365,15,0
366,15,0
367,15,0
368,15,0
369,15,0
370,15,0
371,15,0
372,16,0
373,16,0
374,16,0
375,16,0
376,16,0
377,16,0
378,16,0
379,16,0
380,16,0
381,16,0
382,16,0
383,16,0
384,16,0
385,16,0
386,16,0
387,16,0
388,16,0
389,16,0
390,16,0
391,16,0
392,16,0
393,16,0
394,16,0
395,16,0
396,16,0
397,16,0
398,16,0
399,16,0
400,16,0
401,16,0
402,16,0
403,16,0
404,16,0
405,16,0
406,16,0
407,16,0
408,16,0
409,16,0
410,16,0
411,16,0
412,16,0
413,16,0
414,16,0
415,16,0
416,16,0
417,16,0
418,16,0
419,16,0
420,16,0
421,16,0
422,16,0
423,16,0
424,16,0
425,16,0
426,17,0
427,17,0
428,17,0
429,17,0
430,17,0
431,17,0
432,17,0
433,17,0
434,17,0
435,17,0
436,17,0
437,17,0
438,17,0
439,17,0
440,17,0
441,17,0
442,17,0
443,17,0
444,17,0
445,17,0
446,17,0
447,17,0
448,17,0
449,17,0
450,17,0
451,17,0
452,17,0
453,17,0
454,17,0
455,17,0
456,17,0
457,17,0
458,17,0
459,17,0
460,17,0
461,17,0
462,17,0
463,17,0
464,17,0
465,17,0
466,17,0
467,17,0
468,17,0
469,17,0
470,17,0
471,17,0
472,17,0
473,17,0
474,17,0
475,17,0
476,17,0
477,17,0
478,17,0
479,17,0
480,17,0
481,17,0
482,17,0
483,17,0
484,17,0
485,17,0
486,17,0
487,17,0
488,17,0
489,17,0
490,17,0
491,17,0
492,17,0
493,17,0
494,17,0
495,17,0
496,17,0
497,17,0
498,17,0
499,17,0
500,17,0
501,17,0
502,17,0
503,18,0
504,18,0
505,18,0
506,18,0
507,18,0
508,18,0
509,18,0
510,18,0
511,18,0
512,18,0
513,18,0
514,18,0
515,18,0
516,18,0
517,18,0
518,18,0
519,18,0
520,18,0
521,18,0
522,18,0
523,18,0
524,18,0
525,19,0
526,19,0
527,19,0
528,19,0
529,19,0
530,19,0
531,19,0
532,19,0
533,19,0
534,19,0
535,19,0
536,19,0
537,19,0
538,19,0
539,19,0
540,19,0
541,19,0
542,19,0
543,19,0
544,19,0
545,19,0
546,19,0
547,19,0
548,19,0
549,19,0
550,19,0
551,19,0
552,19,0
553,19,0
554,19,0
555,19,0
556,19,0
557,19,0
558,19,0
559,19,0
560,19,0
561,20,0
562,20,0
563,20,0
564,20,0
565,20,0
566,20,0
567,20,0
568,20,0
569,21,0
570,21,0
571,21,0
572,21,0
573,21,0
574,21,0
575,21,0
576,21,0
577,21,0
578,21,0
579,21,0
580,21,0
581,21,0
582,21,0
583,21,0
584,21,0
585,21,0
586,21,0
587,21,0
588,21,0
589,21,0
590,21,0
591,21,0
592,21,0
593,21,0
594,21,0
595,21,0
596,21,0
597,21,0
598,21,0
599,21,0
600,21,0
601,21,0
602,21,0
603,21,0
604,21,0
605,21,0
606,21,0
607,21,0
608,21,0
609,21,0
610,21,0
611,21,0
612,21,0
613,21,0
614,21,0
615,21,0
616,21,0
617,21,0
618,21,0
619,21,0
620,21,0
621,21,0
622,21,0
623,21,0
624,21,0
625,21,0
626,21,0
627,21,0
628,21,0
629,21,0
630,21,0
631,21,0
632,21,0
633,21,0
634,21,0
635,21,0
636,21,0
637,21,0
638,21,0
639,21,0
640,21,0
641,21,0
642,21,0
643,21,0
644,21,0
645,21,0
646,21,0
647,21,0
648,21,0
649,21,0
650,21,0
651,21,0
652,21,0
653,21,0
654,21,0
655,21,0
656,22,0
657,22,0
658,22,0
659,22,0
660,22,0
661,22,0
662,22,0
663,22,0
664,22,0
665,22,0
666,22,0
667,22,0
668,22,0
669,22,0
670,22,0
671,22,0
672,22,0
673,22,0
674,22,0
675,22,0
676,22,0
677,22,0
678,22,0
679,22,0
680,22,0
681,22,0
682,22,0
683,22,0
684,22,0
685,22,0
686,22,0
687,23,0
688,23,0
689,23,0
690,23,0
691,23,0
692,23,0
693,23,0
694,23,0
695,23,0
696,23,0
697,23,0
698,23,0
699,23,0
700,23,0
701,23,0
702,23,0
703,23,0
704,23,0
705,23,0
706,23,0
707,23,0
708,23,0
709,23,0
710,23,0
711,23,0
712,23,0
713,23,0
714,23,0
715,23,0
716,23,0
717,23,0
718,23,0
719,23,0
720,23,0
721,23,0
722,23,0
723,23,0
724,23,0
725,23,0
726,23,0
727,23,0
728,23,0
729,23,0
730,23,0
731,23,0
732,23,0
733,23,0
734,23,0
735,23,0
736,23,0
737,23,0
738,23,0
739,23,0
740,23,0
741,23,0
742,23,0
743,23,0
744,23,0
745,23,0
746,23,0
747,23,0
748,23,0
749,23,0
750,23,0
751,23,0
752,23,0
753,23,0
754,23,0
755,23,0
756,23,0
757,23,0
758,23,0
759,23,0
760,23,0
761,23,0
762,23,0
763,23,0
764,23,0
765,23,0
766,23,0
767,23,0
768,23,0
769,23,0
770,23,0
771,23,0
772,23,0
773,23,0
774,23,0
775,23,0
776,23,0
777,23,0
778,23,0
779,23,0
780,23,0
781,23,0
782,23,0
783,23,0
784,23,0
785,23,0
786,23,0
787,23,0
788,23,0
789,23,0
790,23,0
791,23,0
792,23,0
793,23,0
794,23,0
795,23,0
796,23,0
797,23,0
798,23,0
799,23,0
800,23,0
801,23,0
802,23,0
803,23,0
804,23,0
805,23,0
806,23,0
807,23,0
808,23,0
809,23,0
810,23,0
811,23,0
812,23,0
813,23,0
814,23,0
815,23,0
816,23,0
817,23,0
818,23,0
819,23,0
820,23,0
821,23,0
822,23,0
823,23,0
824,23,0
825,23,0
826,23,0
827,23,0
828,23,0
829,23,0
830,23,0
831,23,0
832,23,0
833,23,0
834,23,0
835,23,0
836,23,0
837,23,0
838,23,0
839,23,0
840,23,0
841,23,0
842,23,0
843,23,0
844,23,0
845,23,0
846,23,0
847,23,0
848,23,0
849,23,0
850,23,0
851,23,0
852,23,0
853,23,0
854,23,0
855,23,0
856,23,0
857,23,0
858,23,0
859,23,0
860,23,0
861,23,0
862,23,0
863,23,0
864,23,0
865,23,0
866,23,0
867,23,0
868,23,0
869,23,0
870,23,0
871,23,0
872,23,0
873,23,0
874,23,0
875,23,0
876,23,0
877,23,0
878,23,0
879,23,0
880,23,0
881,23,0
882,23,0
883,23,0
884,23,0
885,23,0
886,23,0
887,23,0
888,23,0
889,23,0
890,23,0
891,23,0
892,23,0
893,23,0
894,23,0
895,23,0
896,23,0
897,23,0
898,23,0
899,23,0
900,23,0
901,23,0
902,23,0
903,23,0
904,23,0
905,23,0
906,24,0
907,24,0
908,24,0
909,24,0
910,24,0
911,24,0
912,24,0
913,24,0
914,24,0
915,24,0
916,24,0
917,24,0
918,25,0
919,25,0
920,25,0
921,25,0
922,25,0
923,25,0
924,25,0
925,25,0
926,25,0
927,25,0
928,25,0
929,25,0
930,25,0
931,25,0
932,25,0
933,25,0
934,25,0
935,25,0
936,25,0
937,25,0
938,25,0
939,25,0
940,25,0
941,26,0
942,26,0
943,26,0
944,26,0
945,26,0
946,26,0
947,27,0
948,27,0
949,27,0
950,27,0
951,27,0
952,27,0
953,27,0
954,27,0
955,27,0
956,27,0
957,27,0
958,27,0
959,27,0
960,27,0
961,27,0
962,27,0
963,27,0
964,27,0
965,27,0
966,27,0
967,27,0
968,27,0
969,27,0
970,27,0
971,27,0
972,27,0
973,27,0
974,27,0
975,27,0
976,27,0
977,27,0
978,27,0
979,27,0
980,27,0
981,27,0
982,27,0
983,27,0
984,27,0
985,27,0
986,27,0
987,27,0
988,27,0
989,27,0
990,27,0
991,28,0
992,28,0
993,28,0
994,28,0
995,28,0
996,28,0
997,28,0
998,28,0
999,28,0
1000,28,0
1001,28,0
1002,28,0
1003,28,0
1004,28,0
1005,28,0
1006,28,0
1007,28,0
1008,28,0
1009,28,0
1010,28,0
1011,28,0
1012,28,0
1013,28,0
1014,28,0
1015,28,0
1016,28,0
1017,28,0
1018,28,0
1019,28,0
1020,28,0
1021,28,0
1022,28,0
1023,28,0
1024,28,0
1025,28,0
1026,28,0
1027,28,0
1028,28,0
1029,28,0
1030,28,0
1031,28,0
1032,28,0
1033,28,0
1034,28,0
1035,28,0
1036,28,0
1037,28,0
1038,28,0
1039,28,0
1040,28,0
1041,28,0
1042,28,0
1043,28,0
1044,28,0
1045,28,0
1046,28,0
1047,28,0
1048,28,0
1049,28,0
1050,28,0
1051,28,0
1052,28,0
1053,28,0
1054,28,0
1055,28,0
1056,28,0
1057,28,0
1058,28,0
1059,28,0
1060,28,0
1061,28,0
1062,29,0
1063,29,0
1064,29,0
1065,29,0
1066,29,0
1067,29,0
1068,29,0
1069,29,0
1070,29,0
1071,29,0
1072,29,0
1073,29,0
1074,29,0
1075,29,0
1076,29,0
1077,29,0
1078,29,0
1079,29,0
1080,29,0
1081,29,0
1082,29,0
1083,29,0
1084,29,0
1085,29,0
1086,29,0
1087,29,0
1088,29,0
1089,29,0
1090,29,0
1091,29,0
1092,29,0
1093,29,0
1094,29,0
1095,29,0
1096,29,0
1097,29,0
1098,29,0
1099,29,0
1100,29,0
1101,29,0
1102,29,0
1103,29,0
1104,29,0
1105,29,0
1106,29,0
1107,29,0
1108,29,0
1109,29,0
1110,29,0
1111,29,0
1112,29,0
1113,29,0
1114,29,0
1115,29,0
1116,29,0
1117,29,0
1118,29,0
1119,29,0
1120,29,0
1121,29,0
1122,29,0
1123,29,0
1124,29,0
1125,29,0
1126,29,0
1127,29,0
1128,29,0
1129,29,0
1130,29,0
1131,29,0
1132,29,0
1133,29,0
1134,29,0
1135,29,0
1136,29,0
1137,29,0
1138,29,0
1139,29,0
1140,29,0
1141,29,0
1142,29,0
1143,29,0
1144,29,0
1145,29,0
1146,29,0
1147,29,0
1148,29,0
1149,29,0
1150,29,0
1151,29,0
1152,29,0
1153,29,0
1154,29,0
1155,29,0
1156,29,0
1157,29,0
1158,29,0
1159,29,0
1160,29,0
1161,29,0
1162,29,0
1163,29,0
1164,29,0
1165,29,0
1166,29,0
1167,29,0
1168,29,0
1169,29,0
1170,29,0
1171,29,0
1172,29,0
1173,29,0
1174,29,0
1175,29,0
1176,29,0
1177,29,0
1178,29,0
1179,29,0
1180,29,0
1181,29,0
1182,29,0
1183,29,0
1184,29,0
1185,29,0
1186,29,0
1187,29,0
1188,29,0
1189,29,0
1190,29,0
1191,29,0
1192,29,0
1193,29,0
1194,29,0
1195,29,0
1196,29,0
1197,29,0
1198,29,0
1199,29,0
1200,29,0
1201,29,0
1202,29,0
1203,29,0
1204,29,0
1205,29,0
1206,29,0
1207,29,0
1208,29,0
1209,29,0
1210,29,0
1211,29,0
1212,29,0
1213,29,0
1214,29,0
1215,29,0
1216,29,0
1217,29,0
1218,29,0
1219,29,0
1220,29,0
1221,29,0
1222,29,0
1223,29,0
1224,29,0
1225,29,0
1226,29,0
1227,29,0
1228,29,0
1229,29,0
1230,29,0
1231,29,0
1232,29,0
1233,29,0
1234,29,0
1235,29,0
1236,29,0
1237,30,0
1238,30,0
1239,30,0
1240,30,0
1241,30,0
1242,30,0
1243,30,0
1244,30,0
1245,30,0
1246,30,0
1247,30,0
1248,30,0
1249,30,0
1250,30,0
1251,30,0
1252,30,0
1253,30,0
1254,30,0
1255,30,0
1256,30,0
1257,30,0
1258,30,0
1259,30,0
1260,30,0
1261,30,0
1262,30,0
1263,30,0
1264,30,0
1265,30,0
1266,30,0
1267,30,0
1268,30,0
1269,30,0
1270,30,0
1271,30,0
1272,30,0
1273,30,0
1274,30,0
1275,30,0
1276,30,0
1277,30,0
1278,30,0
1279,30,0
1280,30,0
1281,30,0
1282,30,0
1283,30,0
1284,30,0
1285,30,0
1286,30,0
1287,30,0
1288,30,0
1289,30,0
1290,30,0
1291,30,0
1292,30,0
1293,30,0
1294,30,0
1295,30,0
1296,30,0
1297,30,0
1298,30,0
1299,30,0
1300,30,0
1301,30,0
1302,30,0
1303,30,0
1304,30,0
1305,30,0
1306,30,0
1307,30,0
1308,30,0
1309,30,0
1310,30,0
1311,30,0
1312,30,0
1313,30,0
1314,30,0
1315,30,0
1316,30,0
1317,30,0
1318,30,0
1319,30,0
1320,30,0
1321,30,0
1322,30,0
1323,30,0
1324,30,0
1325,30,0
1326,30,0
1327,30,0
1328,30,0
1329,30,0
1330,30,0
1331,30,0
1332,30,0
1333,30,0
1334,30,0
1335,30,0
1336,30,0
1337,30,0
1338,30,0
1339,30,0
1340,30,0
1341,30,0
1342,30,0
1343,30,0
1344,30,0
1345,30,0
1346,30,0
1347,30,0
1348,30,0
1349,30,0
1350,30,0
1351,30,0
1352,30,0
1353,30,0
1354,30,0
1355,30,0
1356,30,0
1357,30,0
1358,30,0
1359,30,0
1360,30,0
1361,30,0
1362,30,0
1363,30,0
1364,30,0
1365,30,0
1366,30,0
1367,30,0
1368,30,0
1369,30,0
1370,30,0
1371,30,0
1372,30,0
1373,30,0
1374,30,0
1375,30,0
1376,30,0
1377,30,0
1378,30,0
1379,30,0
1380,30,0
1381,30,0
1382,30,0
1383,30,0
1384,30,0
1385,30,0
1386,30,0
1387,30,0
1388,31,0
1389,31,0
1390,31,0
1391,31,0
1392,31,0
1393,31,0
1394,31,0
1395,31,0
1396,31,0
1397,31,0
1398,31,0
1399,31,0
1400,31,0
1401,31,0
1402,31,0
1403,31,0
1404,31,0
1405,31,0
1406,31,0
1407,31,0
1408,31,0
1409,31,0
1410,31,0
1411,31,0
1412,31,0
1413,31,0
1414,31,0
1415,31,0
1416,31,0
1417,31,0
1418,31,0
1419,31,0
1420,31,0
1421,31,0
1422,31,0
1423,31,0
1424,31,0
1425,31,0
1426,31,0
1427,31,0
1428,31,0
1429,31,0
1430,31,0
1431,31,0
1432,31,0
1433,31,0
1434,31,0
1435,31,0
1436,31,0
1437,31,0
1438,31,0
1439,31,0
1440,31,0
1441,31,0
1442,31,0
1443,31,0
1444,31,0
1445,31,0
1446,31,0
1447,31,0
1448,31,0
1449,31,0
1450,31,0
1451,31,0
1452,31,0
1453,31,0
1454,31,0
1455,31,0
1456,31,0
1457,31,0
1458,31,0
1459,31,0
1460,31,0
1461,31,0
1462,31,0
1463,31,0
1464,31,0
1465,31,0
1466,31,0
1467,31,0
1468,32,0
1469,32,0
1470,32,0
1471,32,0
1472,33,0
1473,33,0
1474,33,0
1475,33,0
1476,33,0
1477,33,0
1478,33,0
1479,33,0
1480,33,0
1481,33,0
1482,33,0
1483,33,0
1484,33,0
1485,33,0
1486,33,0
1487,33,0
1488,33,0
1489,33,0
1490,33,0
1491,33,0
1492,33,0
1493,33,0
1494,33,0
1495,33,0
1496,33,0
1497,33,0
1498,33,0
1499,33,0
1500,33,0
1501,33,0
1502,33,0
1503,33,0
1504,33,0
1505,33,0
1506,33,0
1507,33,0
1508,33,0
1509,33,0
1510,33,0
1511,33,0
1512,33,0
1513,33,0
1514,33,0
1515,33,0
1516,33,0
1517,33,0
1518,33,0
1519,33,0
1520,33,0
1521,33,0
1522,33,0
1523,33,0
1524,33,0
1525,33,0
1526,33,0
1527,33,0
1528,33,0
1529,33,0
1530,33,0
1531,33,0
1532,33,0
1533,33,0
1534,33,0
1535,33,0
1536,33,0
1537,33,0
1538,33,0
1539,33,0
1540,33,0
1541,33,0
1542,33,0
1543,33,0
1544,33,0
1545,33,0
1546,33,0
1547,33,0
1548,33,0
1549,33,0
1550,33,0
1551,33,0
1552,33,0
1553,33,0
1554,33,0
1555,33,0
1556,33,0
1557,33,0
1558,33,0
1559,33,0
1560,33,0
1561,33,0
1562,33,0
1563,33,0
1564,33,0
1565,33,0
1566,33,0
1567,33,0
1568,33,0
1569,33,0
1570,33,0
1571,33,0
1572,33,0
1573,33,0
1574,33,0
1575,33,0
1576,33,0
1577,33,0
1578,33,0
1579,33,0
1580,33,0
1581,33,0
1582,33,0
1583,33,0
1584,33,0
1585,33,0
1586,33,0
1587,33,0
1588,33,0
1589,33,0
1590,33,0
1591,33,0
1592,33,0
1593,33,0
1594,33,0
1595,33,0
1596,33,0
1597,33,0
1598,33,0
1599,33,0
1600,33,0
1601,33,0
1602,33,0
1603,33,0
1604,33,0
1605,33,0
1606,33,0
1607,33,0
1608,33,0
1609,33,0
1610,33,0
1611,33,0
1612,33,0
1613,33,0
1614,33,0
1615,33,0
1616,33,0
1617,33,0
1618,33,0
1619,33,0
1620,33,0
1621,33,0
1622,33,0
1623,33,0
1624,33,0
1625,33,0
1626,33,0
1627,33,0
1628,33,0
1629,33,0
1630,33,0
1631,33,0
1632,33,0
1633,33,0
1634,33,0
1635,33,0
1636,33,0
1637,33,0
1638,33,0
1639,33,0
1640,33,0
1641,33,0
1642,33,0
1643,33,0
1644,33,0
1645,33,0
1646,33,0
1647,33,0
1648,33,0
1649,33,0
1650,33,0
1651,33,0
1652,33,0
1653,33,0
1654,33,0
1655,33,0
1656,33,0
1657,33,0
1658,34,0
1659,34,0
1660,34,0
1661,34,0
1662,34,0
1663,34,0
1664,34,0
1665,34,0
1666,34,0
1667,34,0
1668,34,0
1669,34,0
1670,34,0
1671,34,0
1672,34,0
1673,34,0
1674,34,0
1675,34,0
1676,34,0
1677,34,0
1678,34,0
1679,34,0
1680,34,0
1681,34,0
1682,34,0
1683,34,0
1684,34,0
1685,34,0
1686,34,0
1687,34,0
1688,34,0
1689,34,0
1690,34,0
1691,34,0
1692,34,0
1693,34,0
1694,34,0
1695,34,0
1696,34,0
1697,34,0
1698,34,0
1699,34,0
1700,34,0
1701,34,0
1702,34,0
1703,34,0
1704,34,0
1705,34,0
1706,34,0
1707,34,0
1708,34,0
1709,34,0
1710,34,0
1711,34,0
1712,34,0
1713,34,0
1714,34,0
1715,34,0
1716,34,0
1717,34,0
1718,34,0
1719,34,0
1720,34,0
1721,34,0
1722,34,0
1723,34,0
1724,34,0
1725,34,0
1726,34,0
1727,34,0
1728,34,0
1729,34,0
1730,34,0
1731,34,0
1732,34,0
1733,34,0
1734,34,0
1735,34,0
1736,34,0
1737,34,0
1738,34,0
1739,34,0
1740,34,0
1741,34,0
1742,34,0
1743,34,0
1744,34,0
1745,34,0
1746,34,0
1747,34,0
1748,34,0
1749,34,0
1750,34,0
1751,34,0
1752,34,0
1753,34,0
1754,34,0
1755,34,0
1756,34,0
1757,34,0
1758,34,0
1759,34,0
1760,34,0
1761,34,0
1762,34,0
1763,34,0
1764,34,0
1765,34,0
1766,34,0
1767,34,0
1768,34,0
1769,34,0
1770,34,0
1771,34,0
1772,34,0
1773,34,0
1774,34,0
1775,34,0
1776,34,0
1777,34,0
1778,34,0
1779,34,0
1780,34,0
1781,34,0
1782,34,0
1783,34,0
1784,34,0
1785,34,0
1786,34,0
1787,34,0
1788,34,0
1789,34,0
1790,34,0
1791,34,0
1792,34,0
1793,34,0
1794,34,0
1795,34,0
1796,34,0
1797,34,0
1798,34,0
1799,34,0
1800,34,0
1801,34,0
1802,34,0
1803,34,0
1804,34,0
1805,34,0
1806,34,0
1807,34,0
1808,34,0
1809,34,0
1810,34,0
1811,34,0
1812,34,0
1813,34,0
1814,34,0
1815,34,0
1816,34,0
1817,34,0
1818,34,0
1819,34,0
1820,34,0
1821,34,0
1822,34,0
1823,34,0
1824,34,0
1825,34,0
1826,34,0
1827,34,0
1828,34,0
1829,34,0
1830,34,0
1831,34,0
1832,34,0
1833,34,0
1834,34,0
1835,34,0
1836,34,0
1837,34,0
1838,34,0
1839,34,0
1840,34,0
1841,34,0
1842,34,0
1843,34,0
1844,34,0
1845,34,0
1846,34,0
1847,34,0
1848,34,0
1849,34,0
1850,34,0
1851,34,0
1852,34,0
1853,34,0
1854,34,0
1855,34,0
1856,34,0
1857,34,0
1858,34,0
1859,34,0
1860,34,0
1861,34,0
1862,34,0
1863,34,0
1864,34,0
1865,34,0
1866,34,0
1867,34,0
1868,35,0
1869,35,0
1870,35,0
1871,35,0
1872,35,0
1873,35,0
1874,35,0
1875,35,0
1876,35,0
1877,35,0
1878,35,0
1879,35,0
1880,35,0
1881,35,0
1882,35,0
1883,35,0
1884,35,0
1885,35,0
1886,35,0
1887,35,0
1888,35,0
1889,35,0
1890,35,0
1891,35,0
1892,35,0
1893,35,0
1894,35,0
1895,35,0
1896,35,0
1897,35,0
1898,35,0
1899,36,0
1900,36,0
1901,36,0
1902,36,0
1903,36,0
1904,36,0
1905,36,0
1906,36,0
1907,36,0
1908,36,0
1909,36,0
1910,36,0
1911,36,0
1912,36,0
1913,36,0
1914,36,0
1915,36,0
1916,36,0
1917,36,0
1918,36,0
1919,36,0
1920,36,0
1921,36,0
1922,36,0
1923,36,0
1924,36,0
1925,36,0
1926,36,0
1927,36,0
1928,36,0
1929,36,0
1930,36,0
1931,36,0
1932,36,0
1933,36,0
1934,36,0
1935,36,0
1936,37,0
1937,37,0
1938,37,0
1939,37,0
1940,37,0
1941,37,0
1942,37,0
1943,37,0
1944,37,0
1945,37,0
1946,37,0
1947,37,0
1948,37,0
1949,37,0
1950,37,0
1951,37,0
1952,37,0
1953,37,0
1954,37,0
1955,37,0
1956,37,0
1957,37,0
1958,37,0
1959,37,0
1960,37,0
1961,37,0
1962,37,0
1963,37,0
1964,37,0
1965,37,0
1966,37,0
1967,37,0
1968,37,0
1969,37,0
1970,37,0
1971,37,0
1972,37,0
1973,37,0
1974,37,0
1975,37,0
1976,37,0
1977,37,0
1978,37,0
1979,37,0
1980,37,0
1981,37,0
1982,37,0
1983,37,0
1984,37,0
1985,37,0
1986,37,0
1987,37,0
1988,37,0
1989,37,0
1990,37,0
1991,37,0
1992,37,0
1993,37,0
1994,37,0
1995,37,0
1996,37,0
1997,37,0
1998,37,0
1999,37,0
2000,37,0
2001,37,0
2002,37,0
2003,37,0
2004,37,0
2005,37,0
2006,38,0
2007,38,0
2008,38,0
2009,38,0
2010,38,0
2011,38,0
2012,38,0
2013,38,0
2014,38,0
2015,38,0
2016,38,0
2017,38,0
2018,38,0
2019,39,0
2020,39,0
2021,39,0
2022,39,0
2023,39,0
2024,39,0
2025,39,0
2026,39,0
2027,39,0
2028,39,0
2029,39,0
2030,39,0
2031,39,0
2032,39,0
2033,39,0
2034,39,0
2035,39,0
2036,39,0
2037,39,0
2038,39,0
2039,39,0
2040,39,0
2041,39,0
2042,39,0
2043,39,0
2044,39,0
2045,39,0
2046,39,0
2047,39,0
2048,39,0
2049,39,0
2050,39,0
2051,39,0
2052,39,0
2053,39,0
2054,39,0
2055,39,0
2056,39,0
2057,39,0
2058,39,0
2059,39,0
2060,39,0
2061,39,0
2062,39,0
2063,39,0
2064,39,0
2065,39,0
2066,39,0
2067,39,0
2068,39,0
2069,39,0
2070,39,0
2071,39,0
2072,39,0
2073,39,0
2074,39,0
2075,39,0
2076,39,0
2077,39,0
2078,39,0
2079,39,0
2080,39,0
2081,39,0
2082,39,0
2083,39,0
2084,39,0
2085,39,0
2086,39,0
2087,39,0
2088,39,0
2089,39,0
2090,39,0
2091,39,0
2092,39,0
2093,39,0
2094,39,0
2095,39,0
2096,39,0
2097,39,0
2098,39,0
2099,39,0
2100,39,0
2101,39,0
2102,39,0
2103,39,0
2104,39,0
2105,39,0
2106,39,0
2107,39,0
2108,39,0
2109,39,0
2110,39,0
2111,39,0
2112,39,0
2113,39,0
2114,39,0
2115,39,0
2116,39,0
2117,39,0
2118,39,0
2119,39,0
2120,39,0
2121,39,0
2122,39,0
2123,39,0
2124,39,0
2125,39,0
2126,39,0
2127,39,0
2128,39,0
2129,39,0
2130,39,0
2131,39,0
2132,39,0
2133,39,0
2134,39,0
2135,39,0
2136,39,0
2137,39,0
2138,39,0
2139,39,0
2140,39,0
2141,39,0
2142,39,0
2143,39,0
2144,39,0
2145,39,0
2146,39,0
2147,39,0
2148,39,0
2149,39,0
2150,39,0
2151,39,0
2152,39,0
2153,39,0
2154,39,0
2155,39,0
2156,39,0
2157,39,0
2158,39,0
2159,39,0
2160,39,0
2161,39,0
2162,39,0
2163,39,0
2164,39,0
2165,39,0
2166,39,0
2167,39,0
2168,39,0
2169,40,0
2170,40,0
2171,40,0
2172,40,0
2173,40,0
2174,40,0
2175,40,0
2176,40,0
2177,40,0
2178,40,0
2179,40,0
2180,40,0
2181,40,0
2182,40,0
2183,40,0
2184,40,0
2185,40,0
2186,40,0
2187,40,0
2188,40,0
2189,40,0
2190,40,0
2191,40,0
2192,40,0
2193,40,0
2194,40,0
2195,40,0
2196,40,0
2197,40,0
2198,40,0
2199,40,0
2200,40,0
2201,40,0
2202,40,0
2203,40,0
2204,40,0
2205,40,0
2206,40,0
2207,40,0
2208,40,0
2209,40,0
2210,40,0
2211,40,0
2212,40,0
2213,40,0
2214,40,0
2215,40,0
2216,40,0
2217,40,0
2218,40,0
2219,40,0
2220,40,0
2221,40,0
2222,40,0
2223,40,0
2224,40,0
2225,40,0
2226,40,0
2227,40,0
2228,40,0
2229,40,0
2230,40,0
2231,40,0
2232,40,0
2233,40,0
2234,40,0
2235,40,0
2236,40,0
2237,40,0
2238,40,0
2239,40,0
2240,40,0
2241,40,0
2242,40,0
2243,40,0
2244,40,0
2245,40,0
2246,40,0
2247,40,0
2248,40,0
2249,40,0
2250,40,0
2251,40,0
2252,40,0
2253,40,0
2254,40,0
2255,40,0
2256,40,0
2257,40,0
2258,40,0
2259,40,0
2260,40,0
2261,40,0
2262,40,0
2263,40,0
2264,40,0
2265,40,0
2266,40,0
2267,40,0
2268,40,0
2269,40,0
2270,40,0
2271,40,0
2272,40,0
2273,40,0
2274,41,0
2275,41,0
2276,41,0
2277,41,0
2278,41,0
2279,41,0
2280,41,0
2281,41,0
2282,41,0
2283,41,0
2284,41,0
2285,41,0
2286,41,0
2287,41,0
2288,41,0
2289,41,0
2290,41,0
2291,41,0
2292,41,0
2293,41,0
2294,41,0
2295,41,0
2296,41,0
2297,41,0
2298,41,0
2299,41,0
2300,41,0
2301,41,0
2302,41,0
2303,41,0
2304,41,0
2305,41,0
2306,41,0
2307,41,0
2308,41,0
2309,41,0
2310,41,0
2311,41,0
2312,41,0
2313,41,0
2314,41,0
2315,41,0
2316,41,0
2317,41,0
2318,41,0
2319,41,0
2320,41,0
2321,41,0
2322,41,0
2323,41,0
2324,41,0
2325,41,0
2326,41,0
2327,41,0
2328,41,0
2329,41,0
2330,41,0
2331,41,0
2332,41,0
2333,41,0
2334,41,0
2335,41,0
2336,41,0
2337,41,0
2338,41,0
2339,41,0
2340,41,0
2341,41,0
2342,41,0
2343,41,0
2344,41,0
2345,41,0
2346,42,0
2347,42,0
2348,42,0
2349,42,0
2350,42,0
2351,42,0
2352,42,0
2353,42,0
2354,42,0
2355,42,0
2356,42,0
2357,42,0
2358,42,0
2359,42,0
2360,42,0
2361,42,0
2362,42,0
2363,42,0
2364,42,0
2365,42,0
2366,42,0
2367,42,0
2368,42,0
2369,42,0
2370,42,0
2371,42,0
2372,42,0
2373,42,0
2374,42,0
2375,42,0
2376,42,0
2377,42,0
2378,42,0
2379,42,0
2380,42,0
2381,42,0
2382,42,0
2383,42,0
2384,42,0
2385,42,0
2386,42,0
2387,42,0
2388,42,0
2389,42,0
2390,42,0
2391,42,0
2392,43,0
2393,43,0
2394,43,0
2395,43,0
2396,43,0
2397,43,0
2398,43,0
2399,43,0
2400,43,0
2401,43,0
2402,43,0
2403,43,0
2404,43,0
2405,43,0
2406,43,0
2407,43,0
2408,43,0
2409,43,0
2410,43,0
2411,43,0
2412,43,0
2413,43,0
2414,43,0
2415,43,0
2416,43,0
2417,43,0
2418,43,0
2419,43,0
2420,43,0
2421,43,0
2422,43,0
2423,43,0
2424,43,0
2425,43,0
2426,43,0
2427,43,0
2428,43,0
2429,43,0
2430,43,0
2431,44,0
2432,44,0
2433,44,0
2434,44,0
2435,44,0
2436,44,0
2437,44,0
2438,44,0
2439,44,0
2440,44,0
2441,44,0
2442,44,0
2443,44,0
2444,44,0
2445,44,0
2446,44,0
2447,44,0
2448,44,0
2449,44,0
2450,44,0
2451,44,0
2452,44,0
2453,44,0
2454,44,0
2455,44,0
2456,44,0
2457,44,0
2458,44,0
2459,44,0
2460,44,0
2461,44,0
2462,44,0
2463,44,0
2464,44,0
2465,44,0
2466,44,0
2467,44,0
2468,44,0
2469,44,0
2470,44,0
2471,44,0
2472,44,0
2473,44,0
2474,44,0
2475,44,0
2476,44,0
2477,44,0
2478,44,0
2479,44,0
2480,44,0
2481,44,0
2482,44,0
2483,44,0
2484,44,0
2485,44,0
2486,44,0
2487,44,0
2488,44,0
2489,44,0
2490,44,0
2491,44,0
2492,44,0
2493,44,0
2494,44,0
2495,44,0
2496,44,0
2497,44,0
2498,44,0
2499,44,0
2500,44,0
2501,44,0
2502,44,0
2503,44,0
2504,44,0
2505,44,0
2506,45,0
2507,45,0
2508,45,0
2509,45,0
2510,45,0
2511,45,0
2512,45,0
2513,45,0
2514,45,0
2515,45,0
2516,45,0
2517,45,0
2518,45,0
2519,45,0
2520,45,0
2521,45,0
2522,45,0
2523,45,0
2524,45,0
2525,45,0
2526,45,0
2527,45,0
2528,45,0
2529,45,0
2530,45,0
2531,45,0
2532,45,0
2533,45,0
2534,45,0
2535,45,0
2536,45,0
2537,45,0
2538,45,0
2539,45,0
2540,45,0
2541,45,0
2542,45,0
2543,45,0
2544,45,0
2545,45,0
2546,45,0
2547,45,0
2548,45,0
2549,45,0
2550,46,0
2551,46,0
2552,46,0
2553,46,0
2554,46,0
2555,46,0
2556,46,0
2557,46,0
2558,46,0
2559,46,0
2560,46,0
2561,46,0
2562,46,0
2563,46,0
2564,46,0
2565,46,0
2566,46,0
2567,46,0
2568,46,0
2569,46,0
2570,46,0
2571,46,0
2572,46,0
2573,46,0
2574,46,0
2575,46,0
2576,46,0
2577,47,0
2578,47,0
2579,47,0
2580,47,0
2581,47,0
2582,47,0
2583,47,0
2584,47,0
2585,47,0
2586,48,0
2587,48,0
2588,48,0
2589,48,0
2590,48,0
2591,48,0
2592,48,0
2593,48,0
2594,48,0
2595,48,0
2596,48,0
2597,48,0
2598,48,0
2599,48,0
2600,48,0
2601,48,0
2602,48,0
2603,48,0
2604,48,0
2605,49,0
2606,49,0
2607,49,0
2608,49,0
2609,49,0
2610,49,0
2611,49,0
2612,49,0
2613,49,0
2614,49,0
2615,49,0
2616,49,0
2617,49,0
2618,49,0
2619,49,0
2620,49,0
2621,49,0
2622,49,0
2623,49,0
2624,49,0
2625,49,0
2626,49,0
2627,49,0
2628,49,0
2629,49,0
2630,49,0
2631,49,0
2632,49,0
2633,49,0
2634,49,0
2635,49,0
2636,49,0
2637,49,0
2638,49,0
2639,49,0
2640,49,0
2641,49,0
2642,49,0
2643,49,0
2644,49,0
2645,49,0
2646,49,0
2647,49,0
2648,49,0
2649,49,0
2650,49,0
2651,49,0
2652,49,0
2653,49,0
2654,49,0
2655,49,0
2656,49,0
2657,49,0
2658,49,0
2659,49,0
2660,49,0
2661,49,0
2662,49,0
2663,49,0
2664,49,0
2665,49,0
2666,49,0
2667,49,0
2668,49,0
2669,49,0
2670,49,0
2671,49,0
2672,49,0
2673,49,0
2674,49,0
2675,49,0
2676,49,0
2677,49,0
2678,49,0
2679,49,0
2680,49,0
2681,49,0
2682,49,0
2683,49,0
2684,49,0
2685,49,0
2686,49,0
2687,49,0
2688,49,0
2689,49,0
2690,49,0
2691,49,0
2692,49,0
2693,49,0
2694,49,0
2695,49,0
2696,49,0
2697,49,0
2698,49,0
2699,49,0
2700,49,0
2701,49,0
2702,49,0
2703,49,0
2704,49,0
2705,50,0
2706,50,0
2707,50,0
2708,50,0
2709,50,0
2710,50,0
2711,50,0
2712,50,0
2713,50,0
2714,50,0
2715,50,0
2716,50,0
2717,50,0
2718,50,0
2719,50,0
2720,50,0
2721,50,0
2722,50,0
2723,50,0
2724,50,0
2725,50,0
2726,50,0
2727,50,0
2728,50,0
2729,50,0
2730,50,0
2731,50,0
2732,50,0
2733,50,0
2734,50,0
2735,50,0
2736,50,0
2737,50,0
2738,50,0
2739,50,0
2740,50,0
2741,51,0
2742,51,0
2743,51,0
2744,51,0
2745,51,0
2746,51,0
2747,51,0
2748,51,0
2749,51,0
2750,51,0
2751,51,0
2752,51,0
2753,51,0
2754,51,0
2755,52,0
2756,52,0
2757,52,0
2758,52,0
2759,52,0
2760,52,0
2761,52,0
2762,52,0
2763,52,0
2764,52,0
2765,52,0
2766,52,0
2767,53,0
2768,53,0
2769,53,0
2770,53,0
2771,53,0
2772,53,0
2773,53,0
2774,53,0
2775,53,0
2776,53,0
2777,53,0
2778,53,0
2779,53,0
2780,53,0
2781,53,0
2782,53,0
2783,53,0
2784,53,0
2785,53,0
2786,53,0
2787,53,0
2788,53,0
2789,53,0
2790,53,0
2791,54,0
2792,54,0
2793,54,0
2794,54,0
2795,54,0
2796,54,0
2797,54,0
2798,54,0
2799,54,0
2800,54,0
2801,54,0
2802,54,0
2803,54,0
2804,54,0
2805,54,0
2806,54,0
2807,54,0
2808,54,0
2809,54,0
2810,54,0
2811,54,0
2812,55,0
2813,55,0
2814,55,0
2815,55,0
2816,55,0
2817,55,0
2818,55,0
2819,55,0
2820,55,0
2821,55,0
2822,55,0
2823,55,0
2824,55,0
2825,55,0
2826,55,0
2827,55,0
2828,55,0
2829,55,0
2830,55,0
2831,55,0
2832,55,0
2833,55,0
2834,55,0
2835,55,0
2836,55,0
2837,55,0
2838,55,0
2839,55,0
2840,55,0
2841,55,0
2842,55,0
2843,55,0
2844,55,0
2845,55,0
2846,55,0
2847,55,0
2848,55,0
2849,55,0
2850,55,0
2851,55,0
2852,55,0
2853,55,0
2854,55,0
2855,55,0
2856,55,0
2857,55,0
2858,55,0
2859,55,0
2860,55,0
2861,55,0
2862,55,0
2863,55,0
2864,55,0
2865,55,0
2866,55,0
2867,55,0
2868,55,0
2869,55,0
2870,55,0
2871,55,0
2872,55,0
2873,55,0
2874,55,0
2875,55,0
2876,55,0
2877,55,0
2878,55,0
2879,55,0
2880,55,0
2881,55,0
2882,55,0
2883,55,0
2884,55,0
2885,55,0
2886,55,0
2887,56,0
2888,56,0
2889,56,0
2890,56,0
2891,56,0
2892,56,0
2893,56,0
2894,56,0
2895,56,0
2896,56,0
2897,56,0
2898,56,0
2899,56,0
2900,57,0
2901,57,0
2902,57,0
2903,57,0
2904,57,0
2905,57,0
2906,57,0
2907,59,0
2908,59,0
2909,59,0
2910,59,0
2911,59,0
2912,59,0
2913,59,0
2914,59,0
2915,59,0
2916,59,0
2917,59,0
2918,59,0
2919,59,0
2920,59,0
2921,59,0
2922,59,0
2923,59,0
2924,59,0
2925,59,0
2926,59,0
2927,59,0
2928,59,0
2929,59,0
2930,59,0
2931,59,0
2932,59,0
2933,59,0
2934,59,0
2935,59,0
2936,59,0
2937,59,0
2938,59,0
2939,59,0
2940,59,0
2941,59,0
2942,59,0
2943,59,0
2944,59,0
2945,59,0
2946,59,0
2947,59,0
2948,59,0
2949,59,0
2950,59,0
2951,59,0
2952,59,0
2953,59,0
2954,59,0
2955,59,0
2956,59,0
2957,59,0
2958,59,0
2959,59,0
2960,59,0
2961,59,0
2962,59,0
2963,59,0
2964,59,0
2965,59,0
2966,59,0
2967,59,0
2968,59,0
2969,59,0
2970,59,0
2971,59,0
2972,59,0
2973,59,0
2974,59,0
2975,59,0
2976,59,0
2977,59,0
2978,59,0
2979,59,0
2980,59,0
2981,59,0
2982,59,0
2983,59,0
2984,59,0
2985,60,0
2986,60,0
2987,60,0
2988,60,0
2989,60,0
2990,60,0
2991,60,0
2992,60,0
2993,60,0
2994,60,0
2995,60,0
2996,60,0
2997,60,0
2998,60,0
2999,60,0
3000,60,0
3001,60,0
3002,60,0
3003,60,0
3004,60,0
3005,60,0
3006,60,0
3007,60,0
3008,61,0
3009,61,0
3010,61,0
3011,61,0
3012,61,0
3013,61,0
3014,61,0
3015,61,0
3016,61,0
3017,61,0
3018,61,0
3019,61,0
3020,61,0
3021,61,0
3022,61,0
3023,61,0
3024,61,0
3025,62,0
3026,62,0
3027,62,0
3028,62,0
3029,62,0
3030,62,0
3031,62,0
3032,62,0
3033,62,0
3034,62,0
3035,62,0
3036,62,0
3037,62,0
3038,62,0
3039,62,0
3040,62,0
3041,62,0
3042,62,0
3043,62,0
3044,62,0
3045,62,0
3046,62,0
3047,62,0
3048,62,0
3049,62,0
3050,62,0
3051,62,0
3052,62,0
3053,62,0
3054,62,0
3055,62,0
3056,62,0
3057,62,0
3058,62,0
3059,62,0
3060,62,0
3061,63,0
3062,63,0
3063,63,0
3064,63,0
3065,63,0
3066,63,0
3067,63,0
3068,63,0
3069,63,0
3070,63,0
3071,63,0
3072,63,0
3073,63,0
3074,63,0
3075,63,0
3076,63,0
3077,63,0
3078,63,0
3079,64,0
3080,64,0
3081,64,0
3082,64,0
3083,64,0
3084,64,0
3085,64,0
3086,64,0
3087,64,0
3088,64,0
3089,64,0
3090,64,0
3091,64,0
3092,64,0
3093,65,0
3094,65,0
3095,65,0
3096,65,0
3097,65,0
3098,65,0
3099,65,0
3100,65,0
3101,65,0
3102,65,0
3103,65,0
3104,65,0
3105,65,0
3106,65,0
3107,65,0
3108,65,0
3109,65,0
3110,65,0
3111,65,0
3112,65,0
3113,65,0
3114,65,0
3115,65,0
3116,65,0
3117,65,0
3118,65,0
3119,65,0
3120,65,0
3121,65,0
3122,65,0
3123,65,0
3124,65,0
3125,66,0
3126,66,0
3127,66,0
3128,66,0
3129,66,0
3130,66,0
3131,66,0
3132,66,0
3133,66,0
3134,66,0
3135,66,0
3136,66,0
3137,66,0
3138,66,0
3139,66,0
3140,66,0
3141,66,0
3142,66,0
3143,66,0
3144,66,0
3145,66,0
3146,66,0
3147,66,0
3148,66,0
3149,66,0
3150,66,0
3151,66,0
3152,67,0
3153,67,0
3154,67,0
3155,67,0
3156,67,0
3157,67,0
3158,67,0
3159,67,0
3160,67,0
3161,67,0
3162,68,0
3163,68,0
3164,68,0
3165,68,0
3166,68,0
3167,68,0
3168,68,0
3169,68,0
3170,68,0
3171,68,0
3172,68,0
3173,68,0
3174,68,0
3175,68,0
3176,68,0
3177,68,0
3178,68,0
3179,68,0
3180,68,0
3181,68,0
3182,68,0
3183,68,0
3184,68,0
3185,68,0
3186,68,0
3187,68,0
3188,68,0
3189,68,0
3190,68,0
3191,68,0
3192,68,0
3193,70,0
3194,70,0
3195,70,0
3196,70,0
3197,70,0
3198,70,0
3199,70,0
3200,70,0
3201,70,0
3202,70,0
3203,70,0
3204,70,0
3205,70,0
3206,70,0
3207,70,0
3208,70,0
3209,70,0
3210,70,0
3211,70,0
3212,70,0
3213,70,0
3214,70,0
3215,70,0
3216,70,0
3217,70,0
3218,70,0
3219,70,0
3220,70,0
3221,70,0
3222,70,0
3223,70,0
3224,70,0
3225,70,0
3226,70,0
3227,70,0
3228,70,0
3229,70,0
3230,70,0
3231,70,0
3232,70,0
3233,70,0
3234,70,0
3235,70,0
3236,70,0
3237,70,0
3238,70,0
3239,70,0
3240,70,0
3241,70,0
3242,70,0
3243,70,0
3244,70,0
3245,70,0
3246,70,0
3247,70,0
3248,70,0
3249,70,0
3250,70,0
3251,70,0
3252,70,0
3253,70,0
3254,70,0
3255,70,0
3256,70,0
3257,70,0
3258,70,0
3259,70,0
3260,70,0
3261,70,0
3262,70,0
3263,70,0
3264,70,0
3265,70,0
3266,71,0
3267,71,0
3268,71,0
3269,71,0
3270,71,0
3271,71,0
3272,71,0
3273,71,0
3274,71,0
3275,71,0
3276,71,0
3277,71,0
3278,71,0
3279,71,0
3280,71,0
3281,71,0
3282,71,0
3283,71,0
3284,71,0
3285,71,0
3286,71,0
3287,71,0
3288,71,0
3289,71,0
3290,71,0
3291,71,0
3292,71,0
3293,71,0
3294,71,0
3295,71,0
3296,71,0
3297,71,0
3298,71,0
3299,71,0
3300,71,0
3301,71,0
3302,71,0
3303,71,0
3304,71,0
3305,71,0
3306,71,0
3307,71,0
3308,71,0
3309,71,0
3310,71,0
3311,71,0
3312,71,0
3313,71,0
3314,71,0
3315,71,0
3316,71,0
3317,71,0
3318,71,0
3319,71,0
3320,71,0
3321,71,0
3322,71,0
3323,71,0
3324,71,0
3325,71,0
3326,71,0
3327,71,0
3328,71,0
3329,72,0
3330,72,0
3331,72,0
3332,72,0
3333,72,0
3334,72,0
3335,72,0
3336,73,0
3337,73,0
3338,73,0
3339,73,0
3340,73,0
3341,73,0
3342,73,0
3343,73,0
3344,73,0
3345,73,0
3346,74,0
3347,74,0
3348,74,0
3349,74,0
3350,74,0
3351,74,0
3352,74,0
3353,74,0
3354,74,0
3355,74,0
3356,74,0
3357,74,0
3358,74,0
3359,74,0
3360,74,0
3361,74,0
3362,74,0
3363,74,0
3364,74,0
3365,74,0
3366,74,0
3367,74,0
3368,74,0
3369,74,0
3370,74,0
3371,74,0
3372,74,0
3373,74,0
3374,74,0
3375,74,0
3376,74,0
3377,74,0
3378,74,0
3379,74,0
3380,74,0
3381,74,0
3382,74,0
3383,74,0
3384,74,0
3385,74,0
3386,74,0
3387,75,0
3388,75,0
3389,75,0
3390,75,0
3391,75,0
3392,75,0
3393,75,0
3394,76,0
3395,76,0
3396,76,0
3397,76,0
3398,76,0
3399,76,0
3400,76,0
3401,76,0
3402,76,0
3403,76,0
3404,76,0
3405,76,0
3406,76,0
3407,76,0
3408,76,0
3409,76,0
3410,76,0
3411,76,0
3412,76,0
3413,76,0
3414,76,0
3415,76,0
3416,76,0
3417,76,0
3418,76,0
3419,76,0
3420,76,0
3421,76,0
3422,76,0
3423,76,0
3424,76,0
3425,76,0
3426,76,0
3427,76,0
3428,76,0
3429,76,0
3430,76,0
3431,76,0
3432,75,2
3433,63,14
3434,61,16
3435,61,16
3436,61,16
3437,61,16
3438,61,16
3439,61,16
3440,61,16
3441,61,16
3442,61,16
3443,61,16
3444,61,16
3445,61,16
3446,61,16
3447,61,16
3448,61,16
3449,61,17
3450,59,19
3451,59,19
3452,59,19
3453,59,19
3454,59,19
3455,59,19
3456,59,19
3457,60,19
3458,60,19
3459,60,19
3460,60,19
3461,60,19
3462,60,19
3463,60,19
3464,60,19
3465,60,19
3466,60,19
3467,60,19
3468,60,19
3469,60,19
3470,60,19
3471,60,19
3472,60,19
3473,60,19
3474,60,19
3475,60,19
3476,60,19
3477,60,19
3478,60,19
3479,60,19
3480,60,19
3481,60,19
3482,60,19
3483,60,17
3484,60,3
3485,60,-13
3486,60,-29
3487,60,-45
3488,60,-61
3489,60,-77
3490,60,-93
3491,60,-109
3492,55,-119
3493,53,-133
3494,49,-145
3495,49,-161
3496,49,-177
3497,49,-193
3498,49,-209
3499,49,-225
3500,49,-242
3501,49,-261
3502,49,-280
3503,49,-299
3504,49,-318
3505,49,-337
3506,50,-356
3507,50,-375
3508,50,-394
3509,50,-413
3510,50,-432
3511,50,-451
3512,50,-470
3513,50,-489
3514,50,-508
3515,50,-527
3516,50,-546
3517,50,-565
3518,50,-584
3519,50,-603
3520,50,-622
3521,50,-641
3522,50,-660
3523,50,-679
3524,50,-698
3525,50,-717
3526,50,-736
3527,50,-755
3528,50,-774
3529,50,-793
3530,50,-812
3531,50,-831
3532,50,-850
3533,50,-869
3534,50,-888
3535,50,-907
3536,50,-926
3537,50,-945
3538,50,-964
3539,50,-983
3540,50,-1002
3541,50,-1021
3542,50,-1040
3543,50,-1065
3544,50,-1092
3545,50,-1123
3546,50,-1154
3547,50,-1185
3548,50,-1216
3549,50,-1247
3550,50,-1278
3551,50,-1309
3552,50,-1340
3553,51,-1371
3554,51,-1402
3555,51,-1433
3556,51,-1464
3557,51,-1495
3558,51,-1526
3559,51,-1557
3560,51,-1588
3561,51,-1619
3562,51,-1650
3563,51,-1681
3564,51,-1712
3565,51,-1743
3566,51,-1774
3567,51,-1805
3568,51,-1836
3569,51,-1867
3570,51,-1898
3571,52,-1929
3572,52,-1960
3573,52,-1991
3574,52,-2022
3575,52,-2053
3576,52,-2084
3577,52,-2115
3578,52,-2146
3579,52,-2177
3580,52,-2208
3581,52,-2239
3582,53,-2270
3583,53,-2301
3584,53,-2332
3585,54,-2363
3586,54,-2394
3587,54,-2425
3588,54,-2456
3589,54,-2487
3590,54,-2518
3591,54,-2549
3592,54,-2580
3593,54,-2611
3594,54,-2642
3595,54,-2673
3596,54,-2704
3597,54,-2735
3598,54,-2766
3599,54,-2797
3600,54,-2828
3601,54,-2859
3602,55,-2890
3603,55,-2921
3604,55,-2952
3605,55,-2983
3606,55,-3014
3607,55,-3045
3608,56,-3076
3609,56,-3107
3610,56,-3138
3611,56,-3169
3612,56,-3200
3613,56,-3231
3614,56,-3262
3615,56,-3293
3616,56,-3324
3617,56,-3355
3618,56,-3386
3619,56,-3417
3620,56,-3448
3621,56,-3479
3622,57,-3510
3623,57,-3541
3624,57,-3572
3625,57,-3603
3626,57,-3634
3627,57,-3665
3628,57,-3696
3629,58,-3727
3630,58,-3758
3631,58,-3789
3632,58,-3820
3633,58,-3851
3634,58,-3882
3635,58,-3913
3636,58,-3944
3637,58,-3975
3638,58,-4006
3639,58,-4037
3640,58,-4068
3641,58,-4099
3642,58,-4130
3643,58,-4161
3644,58,-4192
3645,58,-4223
3646,58,-4254
3647,58,-4285
3648,58,-4316
3649,59,-4347
3650,59,-4378
3651,59,-4409
3652,59,-4439
3653,58,-4469
3654,52,-4494
3655,48,-4521
3656,43,-4547
3657,43,-4578
3658,43,-4609
3659,43,-4640
3660,43,-4671
3661,43,-4702
3662,43,-4733
3663,43,-4764
3664,43,-4795
3665,43,-4826
3666,43,-4857
3667,43,-4888
3668,43,-4919
3669,43,-4950
3670,43,-4981
3671,43,-5012
3672,43,-5043
3673,43,-5074
3674,43,-5105
3675,43,-5136
3676,43,-5167
3677,43,-5198
3678,43,-5229
3679,43,-5260
3680,43,-5291
3681,43,-5322
3682,43,-5353
3683,43,-5384
3684,43,-5415
3685,44,-5446
3686,45,-5477
3687,45,-5508
3688,46,-5539
3689,46,-5570
3690,46,-5601
3691,46,-5632
3692,46,-5663
3693,46,-5694
3694,46,-5725
3695,46,-5756
3696,46,-5787
3697,46,-5818
3698,48,-5849
3699,47,-5879
3700,47,-5910
3701,47,-5941
3702,47,-5972
3703,47,-6004
3704,47,-6037
3705,47,-6076
3706,47,-6119
3707,47,-6167
3708,47,-6215
3709,47,-6263
3710,47,-6311
3711,47,-6359
3712,47,-6407
3713,47,-6455
3714,47,-6503
3715,47,-6551
3716,47,-6599
3717,47,-6647
3718,47,-6695
3719,48,-6743
3720,48,-6791
3721,48,-6839
3722,48,-6887
3723,48,-6935
3724,48,-6983
3725,48,-7031
3726,48,-7079
3727,48,-7127
3728,48,-7175
3729,48,-7223
3730,48,-7271
3731,49,-7319
3732,49,-7367
3733,49,-7415
3734,49,-7463
3735,49,-7511
3736,49,-7559
3737,49,-7607
3738,49,-7655
3739,49,-7703
3740,50,-7751
3741,50,-7799
3742,50,-7847
3743,50,-7895
3744,50,-7943
3745,50,-7991
3746,50,-8039
3747,50,-8087
3748,50,-8135
3749,50,-8183
3750,50,-8232
3751,50,-8281
3752,50,-8330
3753,50,-8379
3754,50,-8428
3755,50,-8477
3756,51,-8526
3757,52,-8575
3758,52,-8624
3759,52,-8673
3760,52,-8722
3761,52,-8771
3762,52,-8820
3763,52,-8869
3764,53,-8918
3765,54,-8967
3766,54,-9016
3767,54,-9065
3768,54,-9114
3769,54,-9163
3770,54,-9212
3771,54,-9261
3772,54,-9310
3773,54,-9359
3774,54,-9408
3775,54,-9457
3776,54,-9506
3777,54,-9555
3778,54,-9604
3779,54,-9653
3780,54,-9702
3781,54,-9751
3782,54,-9800
3783,54,-9849
3784,54,-9898
3785,54,-9947
3786,54,-9996
3787,54,-10045
3788,54,-10094
3789,54,-10143
3790,54,-10192
3791,54,-10241
3792,54,-10290
3793,54,-10339
3794,54,-10388
3795,54,-10437
3796,54,-10486
3797,54,-10535
3798,54,-10584
3799,54,-10633
3800,54,-10682
3801,54,-10731
3802,54,-10780
3803,54,-10829
3804,54,-10878
3805,54,-10927
3806,54,-10976
3807,54,-11025
3808,54,-11074
3809,54,-11123
3810,54,-11172
3811,54,-11221
3812,54,-11270
3813,54,-11319
3814,54,-11368
3815,54,-11417
3816,54,-11466
3817,54,-11515
3818,54,-11564
3819,54,-11613
3820,54,-11662
3821,54,-11711
3822,54,-11760
3823,54,-11809
3824,54,-11858
3825,54,-11907
3826,54,-11956
3827,54,-12005
3828,55,-12054
3829,55,-12103
3830,55,-12152
3831,55,-12201
3832,55,-12250
3833,55,-12299
3834,55,-12348
3835,55,-12397
3836,55,-12446
3837,55,-12495
3838,55,-12544
3839,55,-12593
3840,56,-12642
3841,56,-12691
3842,56,-12740
3843,56,-12789
3844,56,-12838
3845,56,-12887
3846,56,-12936
3847,56,-12985
3848,57,-13034
3849,57,-13083
3850,57,-13132
3851,57,-13181
3852,57,-13230
3853,57,-13279
3854,58,-13328
3855,58,-13377
3856,58,-13426
3857,58,-13475
3858,58,-13524
3859,58,-13573
3860,58,-13622
3861,58,-13671
3862,58,-13720
3863,58,-13769
3864,58,-13818
3865,59,-13867
3866,59,-13916
3867,59,-13965
3868,59,-14014
3869,59,-14063
3870,59,-14112
3871,59,-14161
3872,59,-14210
3873,59,-14259
3874,59,-14308
3875,60,-14357
3876,60,-14406
3877,60,-14455
3878,60,-14504
3879,60,-14553
3880,60,-14602
3881,60,-14651
3882,60,-14700
3883,60,-14749
3884,61,-14798
3885,61,-14847
3886,62,-14896
3887,62,-14945
3888,62,-14994
3889,62,-15043
3890,62,-15092
3891,62,-15141
3892,62,-15190
3893,62,-15239
3894,62,-15288
3895,62,-15337
3896,62,-15386
3897,62,-15435
3898,63,-15484
3899,63,-15533
3900,64,-15582
3901,65,-15631
3902,65,-15680
3903,65,-15729
3904,65,-15778
3905,65,-15827
3906,65,-15876
3907,65,-15924
3908,62,-15970
3909,62,-16019
3910,62,-16068
3911,62,-16117
3912,62,-16166
3913,62,-16215
3914,62,-16264
3915,62,-16313
3916,62,-16362
3917,62,-16411
3918,62,-16460
3919,62,-16509
3920,62,-16558
3921,62,-16607
3922,62,-16656
3923,62,-16705
3924,62,-16754
3925,62,-16803
3926,62,-16852
3927,62,-16901
3928,62,-16950
3929,62,-16999
3930,63,-17048
3931,63,-17097
3932,63,-17146
3933,63,-17195
3934,63,-17244
3935,65,-17293
3936,65,-17342
3937,65,-17391
3938,65,-17440
3939,65,-17489
3940,65,-17538
3941,65,-17587
3942,65,-17636
3943,65,-17685
3944,65,-17734
3945,65,-17783
3946,65,-17832
3947,65,-17881
3948,65,-17930
3949,65,-17979
3950,65,-18028
3951,65,-18077
3952,65,-18126
3953,65,-18175
3954,65,-18224
3955,65,-18273
3956,65,-18322
3957,65,-18371
3958,65,-18421
3959,65,-18474
3960,65,-18527
3961,65,-18580
3962,65,-18633
3963,65,-18686
3964,65,-18739
3965,66,-18792
3966,66,-18845
3967,66,-18898
3968,66,-18951
3969,66,-19004
3970,66,-19057
3971,67,-19110
3972,67,-19163
3973,67,-19216
3974,67,-19269
3975,67,-19322
3976,67,-19375
3977,67,-19428
3978,67,-19481
3979,67,-19534
3980,67,-19587
3981,67,-19640
3982,67,-19693
3983,67,-19746
3984,67,-19799
3985,68,-19852
3986,68,-19905
3987,68,-19958
3988,68,-20011
3989,68,-20064
3990,68,-20117
3991,68,-20170
3992,68,-20223
3993,68,-20276
3994,68,-20329
3995,68,-20382
3996,69,-20435
3997,69,-20488
3998,69,-20541
3999,69,-20594
4000,70,-20647
4001,70,-20700
4002,70,-20753
4003,70,-20806
4004,70,-20859
4005,70,-20912
4006,70,-20965
4007,70,-21018
4008,70,-21071
4009,70,-21124
4010,70,-21177
4011,70,-21230
4012,71,-21283
4013,72,-21336
4014,72,-21389
4015,72,-21442
4016,73,-21495
4017,73,-21548
4018,73,-21601
4019,73,-21654
4020,73,-21707
4021,73,-21760
4022,73,-21813
4023,73,-21866
4024,73,-21919
4025,73,-21972
4026,73,-22025
4027,73,-22078
4028,73,-22131
4029,73,-22184
4030,73,-22237
4031,74,-22290
4032,74,-22343
4033,74,-22396
4034,74,-22449
4035,74,-22502
4036,74,-22555
4037,74,-22608
4038,74,-22661
4039,74,-22714
4040,74,-22767
4041,74,-22820
4042,74,-22873
4043,74,-22926
4044,74,-22979
4045,74,-23032
4046,74,-23085
4047,74,-23138
4048,74,-23191
4049,74,-23244
4050,74,-23297
4051,75,-23350
4052,75,-23403
4053,75,-23456
4054,75,-23509
4055,75,-23562
4056,75,-23615
4057,75,-23668
4058,75,-23721
4059,75,-23774
4060,75,-23827
4061,75,-23880
4062,75,-23933
4063,75,-23986
4064,75,-24039
4065,75,-24092
4066,75,-24145
4067,75,-24198
4068,75,-24251
4069,75,-24304
4070,75,-24357
4071,75,-24410
4072,75,-24463
4073,75,-24516
4074,75,-24569
4075,75,-24622
4076,75,-24675
4077,75,-24728
4078,75,-24781
4079,75,-24834
4080,75,-24887
4081,75,-24940
4082,75,-24993
4083,75,-25046
4084,75,-25099
4085,75,-25152
4086,75,-25205
4087,76,-25258
4088,76,-25311
4089,76,-25364
4090,76,-25417
4091,76,-25470
4092,76,-25523
4093,76,-25576
4094,76,-25629
4095,75,-25680
4096,73,-25731
4097,73,-25784
4098,73,-25837
4099,73,-25890
4100,73,-25943
4101,73,-25996
4102,74,-26049
4103,74,-26102
4104,74,-26155
4105,74,-26208
4106,74,-26261
4107,74,-26314
4108,74,-26367
4109,74,-26420
4110,74,-26473
4111,74,-26526
4112,74,-26579
4113,74,-26632
4114,74,-26685
4115,74,-26738
4116,74,-26791
4117,74,-26844
4118,74,-26897
4119,74,-26950
4120,74,-27003
4121,74,-27056
4122,74,-27109
4123,74,-27162
4124,74,-27215
4125,74,-27268
4126,74,-27321
4127,74,-27374
4128,74,-27427
4129,74,-27480
4130,74,-27533
4131,74,-27586
4132,74,-27639
4133,74,-27692
4134,74,-27745
4135,74,-27798
4136,74,-27851
4137,74,-27904
4138,74,-27957
4139,74,-28010
4140,74,-28063
4141,76,-28116
4142,75,-28168
4143,75,-28221
4144,75,-28274
4145,75,-28327
4146,75,-28382
4147,75,-28439
4148,75,-28496
4149,75,-28553
4150,75,-28610
4151,75,-28667
4152,75,-28724
4153,76,-28781
4154,76,-28838
4155,76,-28895
4156,76,-28952
4157,76,-29009
4158,76,-29066
4159,77,-29123
4160,78,-29180
4161,78,-29237
4162,78,-29294
4163,78,-29351
4164,78,-29408
4165,78,-29465
4166,78,-29522
4167,79,-29579
4168,79,-29636
4169,80,-29693
4170,80,-29750
4171,80,-29807
4172,80,-29864
4173,80,-29921
4174,81,-29978
4175,81,-30035
4176,81,-30092
4177,81,-30149
4178,81,-30206
4179,81,-30263
4180,81,-30320
4181,81,-30377
4182,81,-30434
4183,82,-30491
4184,82,-30548
4185,82,-30605
4186,82,-30662
4187,82,-30719
4188,82,-30776
4189,82,-30833
4190,82,-30890
4191,82,-30947
4192,82,-31004
4193,82,-31062
4194,82,-31120
4195,82,-31178
4196,82,-31236
4197,82,-31294
4198,83,-31352
4199,83,-31410
4200,83,-31468
4201,83,-31526
4202,83,-31584
4203,83,-31642
4204,83,-31700
4205,83,-31758
4206,83,-31816
4207,83,-31874
4208,83,-31932
4209,83,-31990
4210,83,-32048
4211,83,-32106
4212,83,-32164
4213,83,-32222
4214,83,-32280
4215,83,-32338
4216,83,-32396
4217,84,-32454
4218,84,-32512
4219,84,-32570
4220,86,-32628
4221,87,-32686
4222,87,-32744
4223,87,-32802
4224,87,-32860
4225,87,-32918
4226,87,-32976
4227,87,-33034
4228,87,-33092
4229,87,-33150
4230,87,-33208
4231,87,-33266
4232,88,-33324
4233,88,-33382
4234,88,-33440
4235,88,-33498
4236,88,-33556
4237,88,-33614
4238,88,-33672
4239,88,-33730
4240,88,-33788
4241,88,-33846
4242,88,-33904
4243,88,-33962
4244,88,-34020
4245,88,-34078
4246,88,-34136
4247,88,-34194
4248,88,-34252
4249,88,-34310
4250,88,-34368
4251,88,-34426
4252,88,-34484
4253,88,-34542
4254,88,-34600
4255,88,-34658
4256,89,-34716
4257,89,-34774
4258,89,-34832
4259,89,-34890
4260,89,-34948
4261,89,-35006
4262,89,-35064
4263,89,-35122
4264,89,-35180
4265,89,-35238
4266,90,-35296
4267,90,-35354
4268,91,-35412
4269,91,-35469
4270,91,-35527
4271,91,-35585
4272,91,-35643
4273,91,-35701
4274,91,-35759
4275,91,-35817
4276,91,-35875
4277,91,-35933
4278,91,-35991
4279,91,-36049
4280,91,-36107
4281,92,-36164
4282,92,-36222
4283,92,-36280
4284,92,-36338
